Image_ID,Target
ID_01c6i2wd,0.40020803
ID_03sPqBLY,0.069801
ID_06ZKUQFl,0.9997679
ID_06gzqIwK,0.013518989
ID_08kWat36,0.4722335
ID_09Ek7abU,0.058564544
ID_0AniuG5s,0.74911875
ID_0BsPuUz7,0.35656786
ID_0DSBT3ti,0.09832156
ID_0FjtVTX3,0.99117327
ID_0Hjbo7AN,0.93246436
ID_0IoxTQLw,0.54350054
ID_0JhyWlDV,0.15677506
ID_0K8jJj3F,0.04072717
ID_0KWPog7g,0.6883273
ID_0KqtLYSP,0.31410813
ID_0LPHsFfM,0.13931784
ID_0N96kxWg,0.997814
ID_0Ov8uXuG,0.63607335
ID_0PZ1KSkw,0.916556
ID_0SGKhPN1,0.34067693
ID_0SVGgzoU,0.75238496
ID_0SWhzXeC,0.1320144
ID_0T2UZdrD,0.038138926
ID_0Ua9k8aQ,0.9031869
ID_0VAe1wZN,0.0043801963
ID_0W1cXc5N,0.07393029
ID_0aVkkbdY,0.20476532
ID_0dUY7tR2,0.94325244
ID_0eKCztUK,0.3043604
ID_0eSk3gQl,0.020387888
ID_0gwlhyjV,0.2544995
ID_0iGb02kl,0.7636461
ID_0iy37ioY,0.45209342
ID_0nbGKOWx,0.4282522
ID_0pjmwVau,0.57177365
ID_0s8k90eC,0.15670884
ID_0szFENHw,0.109541446
ID_0v9HOXlg,0.66695476
ID_0wBQRei9,0.08394092
ID_0wN5j1YU,0.72748804
ID_0yH2glYg,0.99294794
ID_11NQA0RC,0.95160615
ID_126fJW1b,0.9929309
ID_17J0sXWh,0.9035754
ID_194qb3fx,0.9884105
ID_19IlCYzV,0.10067162
ID_1AB5EuGm,0.017756611
ID_1AqxO75L,0.005113691
ID_1BzBSsfb,0.09266767
ID_1ESvtyMz,0.92906994
ID_1FeoDwzt,0.48067164
ID_1IAGTKaG,0.7394321
ID_1IM6VqEb,0.1458224
ID_1JliZjde,0.038545758
ID_1KCtjnnA,0.035842806
ID_1KEq0P3u,0.7559482
ID_1KprvCOC,0.72836375
ID_1MuIDfjo,0.9951633
ID_1Oerc7NU,0.99994093
ID_1SgLtvik,0.21006796
ID_1TCU1HGW,0.026280373
ID_1UXa1dk8,0.58328074
ID_1WTqfbue,0.995147
ID_1WVyKich,0.3992991
ID_1WkHQTdd,0.056370795
ID_1Xdbm8Gh,0.9926769
ID_1YflGhf4,0.3629586
ID_1cHrKRCp,0.3528505
ID_1fhbjavl,0.64236283
ID_1fsWKwjO,0.18180037
ID_1gMODRjm,0.005338609
ID_1geXyQ0t,0.98892164
ID_1hGEp2MJ,0.9701457
ID_1nPyLlj7,0.9951395
ID_1nyCoLkd,0.532757
ID_1o5xCHak,0.99999046
ID_1o6BqGCJ,0.06683904
ID_1pokPmqG,0.21240368
ID_1tYhiVPe,0.006434113
ID_1v452hY4,0.99866396
ID_1vopQ3fO,0.2183756
ID_1xWK8Kkn,0.26290414
ID_1xc02Ptm,0.98358154
ID_1xfgfU5p,0.5721127
ID_20LPMSUa,0.9998201
ID_22EznAWX,0.73557043
ID_22YRJvWF,0.6765975
ID_26s3c631,0.13519707
ID_27L3ZyFE,0.46375987
ID_28qXw5mC,0.017789304
ID_2AeaEeRV,0.3295027
ID_2DYvq9qh,0.9757534
ID_2E1aGQnx,0.73869556
ID_2E1n87gK,0.9946009
ID_2HIs5waA,0.9786036
ID_2IZffDms,0.9978765
ID_2JuRn59g,0.9945776
ID_2KfBB49x,0.6140361
ID_2M1oTqUe,0.44144097
ID_2NSYxMAi,0.9642216
ID_2OEdCXuD,0.9749955
ID_2OhXTl9q,0.11780983
ID_2Q5Z9ErZ,0.5323198
ID_2QlmKGDL,0.10140926
ID_2S4zi0pU,0.4623164
ID_2SQNYXlW,0.024602532
ID_2SbiJRDp,0.0045205653
ID_2TQ2um1h,0.1075542
ID_2Uerv86X,0.60564035
ID_2VQsKn4x,0.121391475
ID_2Vip3YeW,0.7011393
ID_2WL6hae8,0.045504034
ID_2XGe8BeN,0.96311235
ID_2YTJRr3f,0.08703902
ID_2Yyew0Uh,0.114806205
ID_2Z7zHyqJ,0.72239697
ID_2aNX3GDd,0.5847009
ID_2aRb6f0X,0.3969882
ID_2b5B8Zmu,0.010859191
ID_2bs8L0W1,0.9905472
ID_2cGrhAWA,0.96467376
ID_2cmRqrzn,0.28629968
ID_2dDYqEbD,0.34983456
ID_2dE27aup,0.90943336
ID_2gQ8GEEL,0.019153357
ID_2jIsoM8G,0.99999726
ID_2jw0MBXW,0.38270468
ID_2qpfXxwf,0.087913215
ID_2rsLXZaS,0.054348797
ID_2tusOmO2,0.04399821
ID_2y6XpAqq,0.68595755
ID_2zGJZg5F,0.74462855
ID_30cwnzwa,0.04121819
ID_335ODDQ8,0.022707611
ID_336reY8q,0.00069501996
ID_34R8KDit,0.06302914
ID_364W0XzR,0.20870996
ID_36RXmFXl,0.032981396
ID_36bANslg,0.016570717
ID_38meVoGk,0.121557295
ID_3Azl7ZwB,0.9424807
ID_3BlMicaj,0.60485935
ID_3CmowQD6,0.85952395
ID_3EVp7qss,0.5648576
ID_3Jo1RSYQ,0.31816953
ID_3K3quO6t,0.02096343
ID_3LTTrLjt,0.05036229
ID_3OfiHbOB,0.04198
ID_3Pac6Yrh,0.8495173
ID_3Pxg47ZA,0.028684288
ID_3RJbXXOB,0.5688993
ID_3SR0tDuI,0.7509273
ID_3UTOj8Tw,0.049333215
ID_3UifdTip,0.4260722
ID_3UsC96I4,0.85527587
ID_3VlfhpbU,0.9962959
ID_3WieylWc,0.2661724
ID_3YOALnqg,0.6642078
ID_3br1zX8W,0.99577683
ID_3dcAHztS,0.053921223
ID_3dkIHuRW,0.082381904
ID_3fZLjxDW,0.036983103
ID_3gYHByGQ,0.044110984
ID_3i2vF65g,0.2993592
ID_3iAieNPt,0.9913517
ID_3jjYJ1Sp,0.95317805
ID_3kiDiQ5z,0.2653245
ID_3m39KnZz,0.28809237
ID_3m4BjWGt,0.99351734
ID_3nUWvtnG,0.0391832
ID_3pBvXGnf,0.9445177
ID_3qKlsDHC,0.028988153
ID_3qO5VGlk,0.043149233
ID_3smWKG3D,0.00510031
ID_3t0DGQNR,0.20689827
ID_3tTziOun,0.1323354
ID_3tnKhxLe,0.20048288
ID_3tzWxhKy,0.047046274
ID_3uU2pNBm,0.5858994
ID_3wbkhq0n,0.76416373
ID_3wqgs1h8,0.055280745
ID_3zgrit9K,0.25119156
ID_40TJNUys,0.95515466
ID_40vsx3LX,0.72887975
ID_41RoL9lD,0.9999839
ID_41gPiQzu,0.2009033
ID_432xf8q7,0.84614503
ID_456tF52p,0.28267804
ID_47FeeCPD,0.5350643
ID_47R0QR0X,0.1436713
ID_49hFAQbC,0.9999889
ID_4Bcf03Ol,0.054650992
ID_4CIswsz2,0.6903527
ID_4CUVuah3,0.23465967
ID_4DS4iJVu,0.2890185
ID_4EEFmhE8,0.9875127
ID_4H8iTbun,0.9997924
ID_4ImYXrGA,0.46864232
ID_4JLE8XRv,0.0016540885
ID_4Jpqz3Un,0.9966864
ID_4KRiHAik,0.974242
ID_4NCyj3hP,0.99932295
ID_4QaCD0x5,0.052487552
ID_4REQ5FMp,0.018777817
ID_4Rd6d5JE,0.6115123
ID_4ZK2bMCh,0.35842168
ID_4ZKlwOa9,0.8151436
ID_4ZnyydFk,0.12567616
ID_4cghZogo,0.98736465
ID_4fg1gUSX,0.9751291
ID_4fil5lju,0.92602384
ID_4ibPZELH,0.011473894
ID_4lU4AAr1,0.7034625
ID_4mIktvCM,0.12020761
ID_4mJGUyip,0.34274256
ID_4okFArEA,0.5905936
ID_4qR55u0B,0.23999605
ID_4qwlWkti,0.116396725
ID_4r5kjMa7,0.9452493
ID_4rBMrpSH,0.9998858
ID_4rudOcUx,0.18690532
ID_4tlsTvIW,0.1793718
ID_4w8dFtB9,0.081811965
ID_4wE7BIQv,0.8831874
ID_4z2YV3u0,0.35045722
ID_51ECGgoh,0.11717397
ID_51bGpc7Z,0.98378223
ID_51bjgC92,0.9997872
ID_52SOfymt,0.5843809
ID_52rbivKI,0.8808154
ID_55OtkztT,0.083642155
ID_58kVy5jW,0.4895756
ID_59DdFvK5,0.31355083
ID_5ASl0lTg,0.351099
ID_5BKzkzrl,0.08715701
ID_5CHW18SN,0.60053253
ID_5CulErjg,0.13151228
ID_5DE95JiS,0.29927748
ID_5DgUtUYo,0.99952245
ID_5Fl68mlh,0.009268045
ID_5GI8peRg,0.08448291
ID_5Gc7AShe,0.97879016
ID_5L5vFKaO,0.022473127
ID_5LbfuVx4,0.8711933
ID_5LkeB96h,0.99809945
ID_5N4xWchK,0.6047283
ID_5NhEWiYd,0.50361466
ID_5P7PtTW3,0.5783773
ID_5PZbDR1m,0.19375214
ID_5PeKzOaW,0.9934263
ID_5S9xwI0O,0.99112284
ID_5SAkKjwy,0.43337357
ID_5SLbBrQK,0.8768364
ID_5WVNr7N0,0.20619935
ID_5YJo4xXX,0.23436794
ID_5Ye8o5c6,0.12671566
ID_5ZQdzADZ,0.98486733
ID_5aJrEhfV,0.8161372
ID_5b7ZO2PR,0.9666647
ID_5c9vB3Oe,0.06640571
ID_5d98Zkc5,0.96699417
ID_5frA9yNj,0.5637121
ID_5i9tHPBH,0.316719
ID_5iS0AHz2,0.97941667
ID_5kOb1etI,0.8473904
ID_5klnEOY9,0.9764741
ID_5m69O5ul,0.93384564
ID_5m6jUOWq,0.6429223
ID_5no7ISVa,0.8424901
ID_5nyLE6x3,0.9997567
ID_5pYpxt3s,0.21311858
ID_5pwa6MYR,0.0101130605
ID_5s1iC0Z6,0.18941206
ID_5sLOGj5E,0.52106607
ID_5sXuqDXR,0.0821487
ID_5tNAzYXi,0.19250903
ID_5v8QW4a8,0.6032817
ID_5vnRSDz8,0.59005606
ID_5wLuQIB9,0.11720869
ID_5wbYt5kx,0.12455803
ID_5wpAGmna,0.2183587
ID_62ZEUcst,0.99360764
ID_63Wt28hQ,0.5058185
ID_63idfoaY,0.99688303
ID_64J2J07g,0.7960905
ID_65gvr2jv,0.995414
ID_66McGTmV,0.16403243
ID_69OLyFBE,0.91256166
ID_6C4v2nko,0.8311591
ID_6CjJsC6k,0.088308364
ID_6Hs6vPyM,0.9621639
ID_6J6jD9mY,0.140091
ID_6KlRzjwf,0.9973731
ID_6M3e72p0,0.24149495
ID_6MpyS6NV,0.22286135
ID_6Mvo6AuG,0.19986951
ID_6QtRfFTR,0.31172073
ID_6S84NhqF,0.58922297
ID_6TU5E3VT,0.9700417
ID_6ToL8c0J,0.3280416
ID_6TzL4ay1,0.99796474
ID_6UUDrhrk,0.099894464
ID_6Ucvm2Z9,0.30501735
ID_6XnS7Htz,0.998283
ID_6a6AZN8T,0.5731553
ID_6aIwlocg,0.37924457
ID_6br0S4M4,0.9994321
ID_6cBXqBZu,0.6657007
ID_6cHVgXGj,0.5394267
ID_6cfqARMN,0.85224766
ID_6d7okSdz,0.9972311
ID_6daBqz6r,0.13929692
ID_6eUcBglr,0.03382331
ID_6etjP6Zy,0.27864394
ID_6gHLIP9H,0.2619427
ID_6hKHiAG5,0.13413349
ID_6hMgBWdU,0.20680049
ID_6k440agE,0.74425024
ID_6lYu61oU,0.041777194
ID_6o3Qh4TE,0.7381876
ID_6oR68NQI,0.1124129
ID_6perLU65,0.84596467
ID_6qXAlTjF,0.723508
ID_6qXaGW9Q,0.9231319
ID_6roc35D0,0.0334073
ID_6vm6hjnL,0.9957447
ID_6vsPd7YP,0.6635369
ID_6wBzl7Sg,0.6649289
ID_6wxPqVlS,0.17072353
ID_6y4LMMsF,0.3386734
ID_6yAenqzA,0.9230317
ID_71VPb6Ky,0.54951584
ID_7222GFS0,0.040136695
ID_729f29LI,0.9415169
ID_73fuiuUy,0.033435464
ID_74ySyMOB,0.96846735
ID_76UMDaHH,0.07815716
ID_78wNN5lc,0.6414485
ID_7AlZT50n,0.29198724
ID_7Bji1MU4,0.45199838
ID_7EN4Tsz9,0.17930669
ID_7F4WP5km,0.9987289
ID_7G4DW7F3,0.0149202645
ID_7HGdIEYJ,0.06376538
ID_7I9zrKIz,0.99692774
ID_7LPTspdN,0.81550205
ID_7Lihy1dP,0.25250524
ID_7PlFZcWo,0.02207306
ID_7T6zAg3g,0.07104799
ID_7TirRuOx,0.97987974
ID_7TqoJZcb,0.94233906
ID_7XQSp6ui,0.09792036
ID_7XgaX9jq,0.9511832
ID_7YOrH07A,0.30775744
ID_7bHG4rdG,0.44288212
ID_7bgMVpUc,0.78251916
ID_7cDXS4xP,0.08243284
ID_7g6jG2o8,0.81247205
ID_7h16tDUe,0.98598444
ID_7hdOW646,0.5230105
ID_7hyCK69w,0.9999598
ID_7ivtqNxh,0.047012746
ID_7izN5UbK,0.7405274
ID_7jPpzJrb,0.16173539
ID_7lE3Aem2,0.033904552
ID_7m89zRMX,0.51419544
ID_7qEVDkQF,0.5904945
ID_7qr43HkE,0.011818945
ID_7tHMmsto,0.27364135
ID_7tIOcUgF,0.4183984
ID_7v4bxWsN,0.99633694
ID_7vBaaHMd,0.08834711
ID_7vc4YtPo,0.99844533
ID_7vcGx2Gv,0.64471036
ID_7x3ICIfh,0.9425597
ID_80DTu9ZO,0.06344995
ID_83h4aeVb,0.9997443
ID_87JcYSWg,0.79973435
ID_87bvBp6N,0.9697616
ID_8GPT7MGc,0.027691811
ID_8HXi9bxX,0.17538068
ID_8HsxjeXQ,0.26386818
ID_8JOWf0MC,0.020029426
ID_8KwDPlbS,0.15142551
ID_8LcZ73gh,0.022928208
ID_8LchWmsQ,0.56810254
ID_8NCgllIx,0.99446666
ID_8NFwzF8C,0.111073345
ID_8PGjIi3R,0.55888075
ID_8TlV54js,0.09311941
ID_8UBdWrMB,0.8644844
ID_8aRoSbfP,0.76000965
ID_8ab5fH6n,0.613228
ID_8bhAWTX5,0.1446808
ID_8bnuvxG7,0.9990082
ID_8cGuKjgV,0.76591194
ID_8cuVZyE3,0.009702742
ID_8dktJFTi,0.92140806
ID_8eV95hzs,0.93636465
ID_8fS4GxD2,0.08281368
ID_8fzxWXtd,0.41463917
ID_8h7Lnv3H,0.050524235
ID_8lRAiAAE,0.44252926
ID_8molVPDG,0.7556764
ID_8nsJzi6k,0.01706624
ID_8oi0NM2v,0.5901989
ID_8qd2hCks,0.08234379
ID_8tgtlIMN,0.14482158
ID_8tlryIUk,0.7286001
ID_8wjbVqTh,0.29552042
ID_8wrAnikc,0.64137965
ID_8wxJre9A,0.015054613
ID_8yeEwvCW,0.6426179
ID_8zMCvKHJ,0.40453672
ID_91Ghfm4M,0.14659122
ID_92PgI9bx,0.2511804
ID_94wAYA3K,0.9817376
ID_970FQJaT,0.059666723
ID_98uBW4Kp,0.99376386
ID_9A04ynHw,0.06500694
ID_9ABWNGzp,0.47439075
ID_9CCU3RM9,0.95156145
ID_9GtGdi1Q,0.07623163
ID_9HvuXTSP,0.5060615
ID_9NCyl7UT,0.05691555
ID_9OwkG9QF,0.13808069
ID_9P0zNcLl,0.049892396
ID_9P1ZQCgE,0.9606477
ID_9RaM8O5d,0.08012313
ID_9TJQasya,1.0
ID_9TwwyNza,0.9035828
ID_9V6AgzV6,0.9776757
ID_9W8Dgwmt,0.33075884
ID_9WHMI6d3,0.7157953
ID_9XMdIuw5,0.4692775
ID_9XTs2unP,0.0047886074
ID_9ZPumpqT,0.8421854
ID_9bzKgnQo,0.654752
ID_9c33SzWW,0.11088443
ID_9cBtTliF,0.009318709
ID_9cBwjQKv,0.9896036
ID_9dyc9DhS,0.022074372
ID_9fJXDD7V,0.99305284
ID_9h7vJ7l4,0.60640854
ID_9hHx3uCI,0.99994123
ID_9hTZW0Gr,0.9964846
ID_9i5EOG9E,0.9936222
ID_9ihPudgm,0.21475744
ID_9ioV2Bdl,0.0932478
ID_9iwqGYeR,0.00831601
ID_9jbGF0wh,0.04319364
ID_9kHNEz6x,0.0054481924
ID_9kYcUQ5m,0.6658536
ID_9l0GOZJy,0.010093629
ID_9nPat7wE,0.015918255
ID_9nRoxGS2,0.9999989
ID_9o3lUhCX,0.14777794
ID_9ox8ER3f,0.08562547
ID_9tTKLtF2,0.6843233
ID_9tmvsebV,0.10963848
ID_9v92EMeb,0.99695796
ID_9vO9BzoM,0.9774152
ID_9y9XVrd1,0.33041394
ID_A17iJ2w5,0.020223945
ID_A1qWbkTY,0.9881347
ID_A2HGGEYI,0.017505944
ID_A3urrGlh,0.9991276
ID_A4n16kQ4,0.95495164
ID_A73kqV8Z,0.027442396
ID_A8eIXmmi,0.9477309
ID_ADKkqAXj,0.76397884
ID_ADQvADIQ,0.9995625
ID_ADcj7Fg5,0.9879669
ID_AEi6WFjz,0.17665541
ID_AEpn9MHC,0.077400595
ID_AGOMmcIk,0.09587568
ID_AHCkouCq,0.88851684
ID_AHli8YyL,0.99949896
ID_AIUREnyb,0.066966265
ID_AIhXqpS1,0.09541243
ID_AJhB5EAf,0.002738893
ID_AJhxm4lO,0.9888548
ID_AKEHVRD4,0.21387717
ID_ALdjWJcy,0.23741993
ID_ALtQAGWH,0.8482769
ID_AMkHWRfh,0.805117
ID_ANcuve3K,0.07145107
ID_AObbvEWJ,0.7212266
ID_APJyenyi,0.05145353
ID_AQNHP2Un,0.7466434
ID_AQZDAYS8,0.8814875
ID_AQdYLftD,0.9945082
ID_AQfma4uq,0.993493
ID_ARjAeQsa,0.018936336
ID_ARn5EMSb,0.9572934
ID_ASZcitRB,0.99917495
ID_ASdV8smQ,0.9989102
ID_AUq295m4,0.95210725
ID_AVM1Q6eV,0.016039401
ID_AWX1O16R,0.99954414
ID_AXM9N5lO,0.026866764
ID_AYEUTmC4,0.6500202
ID_AZCW2JHe,0.8985283
ID_AbkT9by1,0.8480664
ID_Abyo4wQv,0.9272516
ID_Adh0gug0,0.9991156
ID_AelPIx7Q,0.96287894
ID_Ag3a2lFA,0.23215765
ID_AiUrRs7t,0.7537755
ID_Aj5lGhwP,0.6612513
ID_AjRbutlJ,0.9860919
ID_AjW1J6NI,0.34590065
ID_AkgPlfwG,0.9984958
ID_AkqyYGYd,0.09290224
ID_AlULIsUI,0.55403364
ID_AlfdzEeO,0.3805579
ID_Ao2jhPm8,0.32444972
ID_ApE6rase,0.92417127
ID_AqTqZ8Xd,0.8939736
ID_ArW4Hu3v,0.0512785
ID_AtqjjSex,0.13063493
ID_AukAOnep,0.17662376
ID_Ay5zltyq,0.05041656
ID_AzcCuHfa,0.1201846
ID_B0BK8nEk,0.90922195
ID_B0Co8PvK,0.02848944
ID_B13plocb,0.45374805
ID_B1ZAUfOy,0.19551933
ID_B2gTPMff,0.13989145
ID_B5307Zz3,0.008987993
ID_B8GEzwne,0.16915202
ID_BAyqu3br,0.9665581
ID_BCB5Tfix,0.10793644
ID_BFlOHnQ9,0.08972198
ID_BFzdPoto,0.99965644
ID_BH32sM5H,0.1322329
ID_BHWeyEfM,0.6424322
ID_BI06UjRU,0.13709953
ID_BKRzXKiB,0.018713683
ID_BKwNtPVr,0.33492905
ID_BLk6PonS,0.23111662
ID_BMqlHHhY,0.9999248
ID_BNO2SmwP,0.029224515
ID_BNzToBQ7,0.5227222
ID_BPNXbcBc,0.5688049
ID_BQF7gbFg,0.050155073
ID_BRPJzixI,0.5323148
ID_BSldocXX,0.9154134
ID_BU6nrr01,0.546527
ID_BW5TGPY3,0.16282436
ID_BYRF4snG,0.9870897
ID_Bc9Fq7mo,0.18147337
ID_BdB1P9SR,0.47078747
ID_BeuNkGsl,0.61200756
ID_BfaxJhX0,0.0018793643
ID_BgLBERu9,0.58837795
ID_BhNoiv59,0.35831505
ID_BiGi942O,0.2988689
ID_BipSOU03,0.73855644
ID_BjAKeZ9S,0.9752233
ID_BkIzagHI,0.23749262
ID_BkKw3BSD,0.2469674
ID_Bl3GOgLl,0.043910027
ID_BnEDuG2m,0.9994457
ID_BnZjv5Ub,0.0438585
ID_BpD84PtE,0.4694063
ID_BqC0Uv9x,0.42843434
ID_BrQoI9e2,0.015510887
ID_BvDc9bWk,0.28394967
ID_BvkoZC89,0.4513262
ID_BwCOH45J,0.7793734
ID_BxXcJNKo,0.18394002
ID_By3JLhID,0.14513382
ID_C2KHaEPn,0.4700651
ID_C5brIRD2,0.78792876
ID_C69SBxxS,0.6373441
ID_C72SjM0h,0.08399385
ID_C7a9WA45,0.94655913
ID_C9IiL4m1,0.40137497
ID_C9jKoIKf,0.8662095
ID_CA8cWz6I,0.9736811
ID_CDKFBUol,0.27779144
ID_CDvdPgHo,0.9856546
ID_CEEuFPht,0.59393096
ID_CFmNbGxN,0.05408448
ID_CII0YKP7,0.6267437
ID_CJkv2xXS,0.71383685
ID_CL7Gm1nY,0.985852
ID_CLGFXbyu,0.9999286
ID_CLlmNReh,0.35466784
ID_CMLuveUf,0.9233528
ID_CNXKjKpX,0.73676956
ID_CNyhunCT,0.7892051
ID_CPA8ZT4P,0.08727661
ID_CQJhAURV,0.96228516
ID_CRmohbhi,0.026305258
ID_CSofCJKh,0.7649684
ID_CUZqv5Xm,0.66210574
ID_Cb2hLGM4,0.03384918
ID_CdObratO,0.31844944
ID_CdWihF2Y,0.49186903
ID_Ce81gmIy,0.967856
ID_ChQ4W5oz,0.14103857
ID_Ci5dJ4wV,0.4425749
ID_Ci7dfQGG,0.82093096
ID_CiILSxSp,0.7353077
ID_CitSUbPk,0.35117096
ID_CkX7rel4,0.05089909
ID_CpJphp85,0.102327615
ID_CpLShPMi,0.75345415
ID_CptBVnBF,0.22815636
ID_CwGKbHCr,0.032687932
ID_CwRx4BJn,0.91010064
ID_Cx05BnXH,0.99524856
ID_Cx6aYJB1,0.084030986
ID_CxFFV8Ex,0.07907191
ID_CxOAbNsg,0.08505118
ID_CxxnIWfQ,0.04215592
ID_CzQKVhtv,0.50142074
ID_D08zLlBd,0.041885108
ID_D0QbHUpq,0.2302362
ID_D0tmS6FO,0.15001279
ID_D1Psd5m2,0.3730544
ID_D1iJIxuj,0.87554604
ID_D296LWSn,0.004984796
ID_D4wZA48U,0.931533
ID_D6qP2KVQ,0.13152996
ID_D6vCMBJo,0.1986663
ID_D92p3lgV,0.98849297
ID_D9LxjB0y,0.10582256
ID_D9Z95mU2,0.22640887
ID_DAFjtHzn,0.31527603
ID_DC3UQ11R,0.068906516
ID_DCa6e207,0.8371521
ID_DE9vMsIM,0.26201677
ID_DGBneZOA,0.12046239
ID_DJ40PPAE,0.9703611
ID_DJk9xnMU,0.19666979
ID_DK8JcieH,0.0040670335
ID_DMBuURIR,0.048072815
ID_DN9rnwy2,0.3183658
ID_DNFGPZX5,0.82194525
ID_DNOqiID9,0.39763775
ID_DOVd0sfa,0.8817381
ID_DPNaognG,0.5320946
ID_DPXrOxHB,0.055024534
ID_DQLYJVSZ,0.9676496
ID_DRfZ3vHA,0.008840263
ID_DS41NYr9,0.47120678
ID_DSeKoBLS,0.63581717
ID_DU925RR0,0.82874435
ID_DVBjry7L,0.11246696
ID_DWu8ukDx,0.005728394
ID_DYoCgjs2,0.4248942
ID_DaED5Y85,0.99999624
ID_DaY8DUJa,0.99015117
ID_DbGeKjMH,0.8904653
ID_DblpFDpz,0.8552823
ID_DcOV1bbG,0.89462316
ID_DeM2Dv8v,0.97979474
ID_DfDR34Ny,0.8804652
ID_DguXXg56,0.05193022
ID_DhQBrPQw,0.17949775
ID_DhWmK7fy,0.25650662
ID_Di7xgaI2,0.4794871
ID_DiIFAPSz,0.8636825
ID_DkAnN1dK,0.17148402
ID_DkBDo5oL,0.999777
ID_DkVO5MXm,0.034222007
ID_DkevQyr3,0.20404145
ID_DlHIx8Ir,0.028257102
ID_DmazIZWm,0.16747549
ID_Do5FPKDy,0.24569327
ID_DoTd26Hx,0.008277893
ID_DoUfSN9O,0.83144385
ID_Dob9HtXg,0.0054447055
ID_Dr5sbLg6,0.45573965
ID_Dr6zZr2g,0.8324914
ID_Drb5X3En,0.9695493
ID_DscSRzti,0.30889344
ID_DtMMgbi9,0.5991796
ID_DtyKx9wO,0.39536703
ID_Dx8wuvm7,0.99982876
ID_DxT1sHsg,0.8589131
ID_Dy6MV5ta,0.005882144
ID_DyGVRfmd,0.18479833
ID_DzJnRlRF,0.43250197
ID_E5MIH4sc,0.14771947
ID_E6tHOjR1,0.010108501
ID_E7DkHS8D,0.7178302
ID_E9B2yc2z,0.9938606
ID_E9BEXEGz,0.34256843
ID_EBlTFL61,0.92024934
ID_EBsMwY1E,0.0115198195
ID_EE0o7tea,0.9831289
ID_EEeuyXPl,0.39832976
ID_EGTGiRwv,0.9947769
ID_EGlM6G40,0.48512864
ID_EHQHBdRM,0.6367142
ID_EHx5JTTX,0.015419573
ID_EI2pUFns,0.8508774
ID_EMVwUiQs,0.21165356
ID_EQJGeV5o,0.067827046
ID_EQv7kB46,0.8493719
ID_ERJQFNIT,0.9951391
ID_ETTPLgtt,0.14273992
ID_EUYzInjK,0.70560837
ID_EUeTKpOe,0.82667595
ID_EVwCB0pz,0.75332105
ID_EWBUHkpH,0.89821017
ID_EWG7mWMf,0.06262773
ID_EWPjqVjm,0.0074754655
ID_EY5LbVvk,0.005301684
ID_EZYZV2k0,0.30117732
ID_EcsYRFTr,0.7904391
ID_EdwlQJoh,0.52318275
ID_Egw08euu,0.7008362
ID_Ehj9FuM8,0.19112104
ID_Ei0p4CRO,0.9343208
ID_ElCgl0Ab,0.6274878
ID_ElTPnhN4,0.99956775
ID_EoNub6gI,0.24168518
ID_EpzpDquC,0.021731466
ID_EqixEuYi,0.34362125
ID_EtSLCvut,0.08650261
ID_EtaKVmaB,0.2442095
ID_EubNqcee,0.40806782
ID_EwUzigoC,0.8931448
ID_EwZrvbXs,0.44826517
ID_Ewz2NJX2,0.38287076
ID_Eyad00o6,0.35774183
ID_F0D1ieHk,0.7305162
ID_F0odfAz0,0.23171243
ID_F2yQO4Rz,0.021857828
ID_F46gOi8n,0.5114886
ID_F9v8VtsC,0.92420936
ID_FARTUsAL,0.23843485
ID_FAWk35W1,0.009527624
ID_FCKNuG5g,0.7476782
ID_FE2FTrDK,0.9979874
ID_FEYFcdnw,0.12018734
ID_FI53RRlv,0.9818028
ID_FIUm3ycu,0.99639714
ID_FJdDdWww,0.7755852
ID_FL93gQRm,0.8136831
ID_FLLirMfH,0.9853875
ID_FLWyIjQC,0.99999946
ID_FMLG3Fib,0.28158468
ID_FOTTpd4p,0.008248955
ID_FPW3AQvH,0.0044342875
ID_FQiMPHsT,0.4107424
ID_FR8XKQF9,0.9991354
ID_FSVncKdz,0.66609836
ID_FSoZJ2ZT,0.16068107
ID_FVNdFJwo,0.69065046
ID_Fa8KfYZK,0.99998593
ID_FaoRE1fD,0.35861498
ID_FdI0k3Bl,0.059805214
ID_FeSxmeRw,0.4492055
ID_FgubhyJ5,0.90502214
ID_FiFc4VuW,0.20350334
ID_FjIk86Gj,0.51912355
ID_Fk7ncq6J,0.3637824
ID_Fl8GL7vW,0.0076042414
ID_FrDRqlbJ,0.8946448
ID_FrqzkmiK,0.7681177
ID_FssLUfXI,0.9588405
ID_FtwKLziH,0.7868955
ID_Futy6UCQ,0.13949716
ID_FvYO7EK8,0.9167279
ID_FwHpIEvU,0.49003276
ID_FxKHJNXL,0.99999785
ID_G3Gqx53k,0.99916124
ID_G7Agauk0,0.7594927
ID_G7U65VUO,0.6155897
ID_GB6mcnIb,0.007627487
ID_GD0UDAHw,0.25076228
ID_GFCLO42o,0.039735585
ID_GGLvJYqw,0.3487785
ID_GGNp3zQm,0.3502633
ID_GGsca5qR,0.39846414
ID_GIG7cJQF,0.028631032
ID_GIJXnwMv,0.5031824
ID_GJJPkwWM,0.37577015
ID_GJfEOoOS,0.08564851
ID_GNStTRWb,0.8921213
ID_GPAnX2C7,0.19558927
ID_GQXM5AQ7,0.0653089
ID_GQYwKYqn,0.6945287
ID_GRVfXEhh,0.23865563
ID_GS2HUYjb,0.48348835
ID_GSBRCcby,0.009182304
ID_GXfyxluQ,0.015316486
ID_GaHG7kPL,0.41348404
ID_GaQvVWbo,0.49676248
ID_GcSJJ1fF,0.08212459
ID_GdKGU2HL,0.2836125
ID_GdNWLhpP,0.48330647
ID_Gfb9UuDf,0.41661456
ID_GfjhgU7C,0.28864637
ID_GgbisHXP,0.5341815
ID_GjAvYvc6,0.817961
ID_GrPVk8dO,0.9604167
ID_GtDxOsf0,0.013148934
ID_GtUgxF4s,0.417436
ID_GuwVO7Cm,0.022606492
ID_Gw88Mei4,0.011030555
ID_GwEZen9S,0.950245
ID_GwVE3U31,0.81784403
ID_GyEqD4HL,0.010601848
ID_Gzin6ysB,0.18459636
ID_Gzx4upR0,0.550039
ID_H0XT6NCw,0.40545127
ID_H2X7CK4i,0.99171853
ID_H2tho5M3,0.059604645
ID_H4EAIHgO,0.76952434
ID_H4jCxfxl,0.0050905943
ID_H5Dqkq22,0.2025576
ID_H5IHjowN,0.12530607
ID_H7FFbWcv,0.31432155
ID_H7QHDFQi,0.09585965
ID_H8FBYxEa,0.47097623
ID_H902ONJX,0.99627256
ID_HAKZXr2q,0.64988863
ID_HBr86LzR,0.99441123
ID_HCULToPi,0.09637907
ID_HCUkIGuu,0.35163504
ID_HEgtUEP1,0.9126793
ID_HEjhNYrK,0.8784
ID_HEmjV7Jx,0.97584057
ID_HFDxjITY,0.72363085
ID_HG7P18S6,0.017503947
ID_HHX2dYHI,0.6476797
ID_HIige6fD,0.005094677
ID_HLEden3T,0.7571095
ID_HLS3Ut4J,0.9299296
ID_HOVhFyef,0.9794631
ID_HQJ0hap1,0.6581493
ID_HRMINFUb,0.15397489
ID_HSd9j4X5,0.51798105
ID_HSpWxVu5,0.16720352
ID_HVU9vSnZ,0.56966996
ID_HWDnJ0Rk,0.13911232
ID_HXXBPQGM,0.03079763
ID_HYKRU6J9,0.5839207
ID_HaHXchlu,0.98197424
ID_HaT0XmRO,0.09996411
ID_HbF5GExE,0.8386848
ID_HcmcIJGQ,0.9980744
ID_HdJSn5MW,0.042653054
ID_HdwNLAR6,0.034832597
ID_HeBgnLUm,0.0062912405
ID_HfOt8G3L,0.10577878
ID_HfwfmFIR,0.04192078
ID_HgrTCszm,0.37654907
ID_HiJRmglz,0.0020062625
ID_HibbbS4y,0.23797354
ID_HjveotB4,0.122430205
ID_HkP2WT0r,0.9826824
ID_Hkk4nyL2,0.9585457
ID_HmS453an,0.18931335
ID_HpGIgBFP,0.0065663755
ID_Hs45Bzk8,0.10149765
ID_HtinHUt5,0.0902431
ID_Hu1iOUKq,0.34485185
ID_HucvryIO,0.7509475
ID_HvefUaHD,0.3107688
ID_HxECndFJ,0.9916353
ID_HxImK4FF,0.7678785
ID_I17eX6Qz,0.66673553
ID_I6Goirwy,0.39172387
ID_I9lJ4nVj,0.48280722
ID_ICfFeeD7,0.7100782
ID_IEIkcE0D,0.9995445
ID_IEXjvhyT,0.8907852
ID_IEud8MSn,0.8221636
ID_IGnGUAIf,0.21009839
ID_IGv46aPk,0.50734276
ID_IIHcAmIo,0.22009134
ID_IJuXnm2u,0.6690918
ID_ILNg0cgA,0.4065563
ID_INpuVYlq,0.14623016
ID_INsNKo5M,0.13215452
ID_IOYVDduC,0.4037165
ID_IQzuD30r,0.9028407
ID_ISvZlml5,0.008562446
ID_ITCJFPRL,0.9461833
ID_IU3QdXpM,0.99975765
ID_IUaR7c19,0.9622003
ID_IVAvceCJ,0.559498
ID_IXOTGo1y,0.019551694
ID_IXaQekqR,0.20903662
ID_IXimpYyg,0.24483496
ID_IYAni3GY,0.9995965
ID_IaHSBARM,0.8367407
ID_IaO28fLB,0.021213084
ID_IbBGNz3A,0.64048916
ID_IcB2jiBv,0.9809227
ID_IcXoDK0z,0.80983484
ID_IdVCK7g5,0.92833835
ID_IeAdQxaC,0.96729183
ID_If0eKrFS,0.9982164
ID_IgHWwLJb,0.9091487
ID_Ihl09Qvk,0.15613973
ID_Ij2b3PuF,0.8804225
ID_IjyNgXQc,0.5793059
ID_IkaNT6Q2,0.99884385
ID_Im3YjaVP,0.9974036
ID_ImObXUr4,0.5082386
ID_ImjpkS3n,0.62837607
ID_InBKl0HK,0.1898342
ID_InIsHQ1L,0.4788995
ID_IoPzPb0K,0.1706965
ID_IoxWsU3Z,0.20579365
ID_Iur8p6jC,0.10853872
ID_Iv15AYeJ,0.73997694
ID_Ix2eb7eT,0.9997625
ID_Ixlq5sHf,0.3923149
ID_Iyiq6Mk8,0.81088066
ID_J1XoGTmM,0.6034441
ID_J3O1i1f2,0.17749423
ID_J40EvFIt,0.117795914
ID_J4Btsyfa,0.30402207
ID_J4KnVZOl,0.02614525
ID_J50Fd2PE,0.03268522
ID_J6UY9R1Y,0.99973476
ID_J6VXvELD,0.84803224
ID_J71Fjlbo,0.24170372
ID_J8GyIVXO,0.71783155
ID_JAFc8ecX,0.61711574
ID_JBMuvXvY,0.38658503
ID_JBel5RwQ,0.6204507
ID_JDllexNP,0.73505706
ID_JE3DHm6c,0.796605
ID_JFjE7ULD,0.96817505
ID_JI44CAhX,0.1783314
ID_JIEwjlrC,0.97987735
ID_JIaSnXgj,0.040912837
ID_JImNYa3t,0.8751826
ID_JK6hGivO,0.7626461
ID_JLtxOpo8,0.939065
ID_JMKlkvcm,0.21100128
ID_JPSKCVcn,0.99891746
ID_JPZy8God,0.99477077
ID_JQK1u1QW,0.89030683
ID_JQhjMMdQ,0.42008874
ID_JS7f6BYk,0.99234855
ID_JWFiZ8i6,0.03432268
ID_JYhiz2NL,0.14174229
ID_JZ1vR2Jp,0.99759007
ID_JZXZIu4x,0.95943505
ID_Ja9uFFVE,0.57392126
ID_JaZNcqXC,0.49741948
ID_Jag1ThPV,0.013974607
ID_JahDYNEA,0.9981146
ID_JclaWESP,0.763716
ID_Jd9km231,0.015806913
ID_Jfcq2QxB,0.081994295
ID_JhM4yQee,0.7213224
ID_JiA1TwLI,0.95021176
ID_JiKfXwC5,0.34516817
ID_Jic3tRge,0.55577564
ID_JkTAn36o,0.27590406
ID_JrjPXrL6,0.87061405
ID_Jrjcksic,0.007697195
ID_JsVWvr3p,0.023163587
ID_JvmFFn80,0.99905944
ID_JwoqgseD,0.034970194
ID_JwvsEl3O,0.5040616
ID_K0j0DwIU,0.99954927
ID_K4Oic0Vs,0.6589849
ID_K6WbzhHj,0.9559704
ID_KBtDeFFv,0.7199569
ID_KCQQ52ag,0.57917356
ID_KCVVjw6k,0.031588197
ID_KCxG9afb,0.17924911
ID_KDCj2sk7,0.49999762
ID_KEi3TJw1,0.122656435
ID_KI2TS9yV,0.2516026
ID_KIFDl1S1,0.6292274
ID_KJrsXxMa,0.9771479
ID_KL6efCJD,0.23199001
ID_KOeVK30z,0.79693556
ID_KPUiZZiP,0.16965121
ID_KQNDysK5,0.059344828
ID_KYFINuWn,0.24293265
ID_KYoKCdBy,0.13580924
ID_KZVZIVl7,0.9998791
ID_Ka6jIrNo,0.49762663
ID_Kaad1WTy,0.16592199
ID_Kb6CO3Iz,0.022582114
ID_KdswKjuZ,0.05090189
ID_KebthD60,0.96142435
ID_KfvzMNwe,0.39495644
ID_KfwLEF3N,0.28973973
ID_KgSp5ebj,0.45634133
ID_Kj22rEHw,0.672969
ID_KjasuyPZ,0.09977251
ID_KjlyGwPa,0.08708727
ID_Kl2B3osN,0.75093496
ID_KmQUCjiT,0.01531148
ID_Ko6S0fSV,0.90864056
ID_KoyeGEKL,0.024685472
ID_KpXqYiaV,0.9727138
ID_KqRT2Ury,0.012859464
ID_KqjmSjaH,0.99995315
ID_Kqr3NZ5Z,0.11240655
ID_KrB39klh,0.90791196
ID_Ksp7f1KU,0.28685102
ID_KuReEVMI,0.13384819
ID_KuSDliOO,0.55886537
ID_KuSYQa2a,0.517108
ID_Kv7j3oou,0.30687463
ID_KvVXcqlR,0.237448
ID_KxLkIhrZ,0.7751279
ID_KySS6Klw,0.6207846
ID_L0BXARmJ,0.6479083
ID_L12hhxgi,0.76295984
ID_L2D1NACi,0.006869495
ID_L3BewowP,0.98807
ID_L4XcrZaJ,0.0068446994
ID_L5WyDnuo,0.922205
ID_L5eQ1M53,0.8677143
ID_L73d2CZo,0.053607583
ID_L85nFwGc,0.070355386
ID_L8bYtvfu,0.41692045
ID_LBpeGIHu,0.012186855
ID_LEbUPJCg,0.16717264
ID_LHd5Sm7T,0.26848042
ID_LIUQqdP6,0.94818777
ID_LKG8w8C3,0.048770696
ID_LKGQSHNx,0.27343935
ID_LLWrmtT0,0.9930468
ID_LOjY6gLw,0.10861978
ID_LPQUwk3z,0.9958343
ID_LQA7WdRr,0.4989194
ID_LQzCJ2U4,0.7426986
ID_LRJQeKXR,0.9834809
ID_LUcs3fFn,0.8222011
ID_LVgC8tDU,0.089453846
ID_LZSqzbgb,0.23186007
ID_Lb0rQEjE,0.38657224
ID_Ldw8RzWk,0.150455
ID_LgDVL3De,0.992314
ID_LhGfcxfE,0.0041661263
ID_LixUqJPY,0.014519483
ID_LkA8Bhp3,0.76509356
ID_LmAePWFm,0.58505505
ID_LpXdQiTe,0.9993218
ID_Luf8WOZb,0.3345966
ID_LvagGwVM,0.21897468
ID_LwGC2OWM,0.121831656
ID_LxDszl4L,0.4382625
ID_LxHYG6xa,0.1409032
ID_LxLTOyw7,0.87807393
ID_LzqXR5IZ,0.78429914
ID_M0GIaF4M,0.96727264
ID_M2s3LzY1,0.14282581
ID_M42figrW,0.46307546
ID_M4KRKiPJ,0.038886517
ID_M53oXEUl,0.124091566
ID_M7RItyq8,0.9923327
ID_M9uKugvT,0.018424392
ID_MB3TQZ09,0.80377305
ID_MBI7h879,0.14948475
ID_MBlkr0LG,0.80497295
ID_MD45epNZ,0.8269911
ID_MEEcaZMO,0.07828444
ID_MF57xlXk,0.5092804
ID_MFF3jvH8,0.10255012
ID_MGHNPUMp,0.99104846
ID_MGbC5pTv,0.99875945
ID_MHHW0YEN,0.6907478
ID_MHqdq1eO,0.08668411
ID_MI5Wx2TA,0.20689479
ID_MLFiM9Vl,0.29381594
ID_MNfrbUdk,0.4873733
ID_MPC68vuQ,0.49718025
ID_MPmkJQxZ,0.8534034
ID_MQWPKfLO,0.99997437
ID_MR6pni6F,0.99998903
ID_MR7aTZsu,0.9998666
ID_MT5Xokqp,0.97542906
ID_MTAdOA9R,0.81289476
ID_MTlsSHQ7,0.5135321
ID_MVFWU0L1,0.5901262
ID_MVGubzv7,0.33632374
ID_MVieqLdl,0.63703406
ID_MXBFlWSs,0.8254275
ID_MXD1XSa3,0.09685454
ID_MZ1bP7LV,0.99244153
ID_MZFZko6x,0.77001697
ID_MZegXo0N,0.15750363
ID_MaHZRRLt,0.80626845
ID_McNpXCkr,0.6816398
ID_MefgLRV7,0.9999149
ID_MgBj8243,0.021251738
ID_MgLuNCb7,0.9998847
ID_Mi910Ap2,0.99622667
ID_Milq9BrP,0.10223007
ID_MkFtS1Ba,0.062495768
ID_MljqhI5X,0.011443496
ID_Mm2EHO2Z,0.5458055
ID_MmKrNrFx,0.7487634
ID_MnlwAKZU,0.2239576
ID_MnvrNs50,0.96405375
ID_MoTofdoO,0.04655558
ID_MotjHFk0,0.004691303
ID_Mpiezdvy,0.24274614
ID_MqTbjqiH,0.042206377
ID_MtXga3u0,0.41606092
ID_Mug6IjK3,0.8811028
ID_MuoW62YK,0.066977024
ID_MxE9sWSa,0.99919426
ID_MxgyzTiH,0.98767567
ID_MzOBT9Vm,0.22364458
ID_N1Zy3x1T,0.5656782
ID_N2KwbJV8,0.101834446
ID_N2d29oS0,0.108226895
ID_N3xiZlap,0.9981673
ID_N4rnEFyu,0.06029126
ID_N8stckPa,0.017969608
ID_N9gxVIlw,0.07753202
ID_NABQY8EX,0.6721814
ID_NCPqIPGF,0.71969736
ID_ND5TCVB5,0.65171325
ID_NDxFQE6j,0.97760797
ID_NEOXfmjN,0.4547341
ID_NHMCFdxv,0.09016994
ID_NHOMFeSM,0.59685653
ID_NHUug4jU,0.06999019
ID_NHa0kT9X,0.0090819
ID_NHiZ2Av1,0.059578806
ID_NLOliKg4,0.26355043
ID_NLbSS8vw,0.9932531
ID_NLi3TIhi,0.0044944584
ID_NPJHtdLk,0.09926754
ID_NT6JR00X,0.86656046
ID_NUoZjWIz,0.7968639
ID_NZUjlR2N,0.997084
ID_NZjIMZcN,0.015904605
ID_NZvFy6AT,0.028220624
ID_Nb09euZb,0.28333342
ID_NbtdxKd6,0.9345236
ID_NfztCCk3,0.20912686
ID_NgTiPuXS,0.9999999
ID_Nj0G3mHb,0.9747529
ID_NrDc9ZsL,0.49160483
ID_NskDq7Ft,0.99980885
ID_NsqiXooo,0.35624838
ID_NtCQmLA0,0.59720993
ID_NvHgWEE3,0.44370258
ID_NyIemZYU,0.8700782
ID_NyMLjObm,0.024258107
ID_NzBFZaAB,0.0035322607
ID_O0HZdvje,0.9534565
ID_O1vqWyIf,0.08856425
ID_O2HcuqHD,0.60909486
ID_O5SKGxU0,0.98836064
ID_O6lnqiCO,0.898232
ID_OCpWtT2G,0.7444452
ID_OF2VyzQa,0.09737912
ID_OI9yaYrm,0.97434497
ID_OLpkZEX2,0.38740018
ID_ONgpYQU9,0.7571368
ID_OOuywraG,0.108742446
ID_OQYKNAb6,0.43299687
ID_OVWIxXve,0.92309916
ID_OVmnf3V7,0.017773032
ID_OWGN0F8X,0.732331
ID_OWiWyelp,0.54455984
ID_OYlVkZsK,0.14475018
ID_OZ1zHK4G,0.06872681
ID_ObCLOCm0,0.88698363
ID_OcKaKWQj,0.99199796
ID_Ode3hC9d,0.99905807
ID_OeqW1MTt,0.9441691
ID_OfMV3u7Z,0.88900524
ID_OfsiuuKJ,0.010239333
ID_OgfMpRlA,0.84577554
ID_OjmYbsLq,0.6974138
ID_OkUZVTsI,0.44041294
ID_OkXPN3fO,0.09458196
ID_OmCmVCec,0.92983955
ID_OoFo9xjN,0.0081837475
ID_OoR5u6js,0.99404144
ID_OoT1tlLY,0.8155204
ID_OqngFCj6,0.023571193
ID_Or4WQV1e,0.120497495
ID_OsXWx3Th,0.19498527
ID_OslcNCQX,0.99999523
ID_OtgybtQN,0.068185955
ID_Oul9tYei,0.33462477
ID_OwbBIKUy,0.08686134
ID_Oy50njjF,0.697455
ID_OzxVFhxy,0.115652174
ID_P0yXKn80,0.058261305
ID_P1GJwGgd,0.39582574
ID_P5qEGwKp,0.27510834
ID_P6qRM108,0.97301096
ID_P7gflZt3,0.32174236
ID_PAPeRxIL,0.7638588
ID_PEoobJCT,0.91196644
ID_PFxMZxLP,0.092493355
ID_PIyp8zvp,0.6409102
ID_PJftmZgZ,0.95138955
ID_PKXFDTox,0.99746764
ID_PNsTqCcz,0.010025263
ID_PP1G7uCS,0.3680427
ID_PRTfbgDl,0.7452756
ID_PS7fo49y,0.020749122
ID_PSEnOdGI,0.6915863
ID_PT3dNTnu,0.9969782
ID_PTnhZjwk,0.019502103
ID_PU0t4TYE,0.42519283
ID_PW7iBtEh,0.7281288
ID_PYbiSqOV,0.18594173
ID_PYv7l4Uf,0.4400798
ID_PZ8ezuGh,0.27223665
ID_PZdGRLrA,0.60710126
ID_PcePla01,0.6503321
ID_Pd3VzJNE,0.06861797
ID_PdjkW1QM,0.17958063
ID_PefIY7Qc,0.01934734
ID_PiEYUxak,0.6859332
ID_PjjIOqGT,0.6136706
ID_PkebRTI0,0.999525
ID_PlWQLPZG,0.14668903
ID_Pq3YvHmn,0.00232625
ID_PqWooJWu,0.090361
ID_PrmGc1n7,0.9371395
ID_PrrBBWhh,0.82964385
ID_PruzsFnW,0.58375067
ID_Ps2h5jI2,0.076954484
ID_Psar4aGA,0.8206326
ID_PvLzjEQa,0.9360791
ID_Px7FIagc,0.6745633
ID_PyKW2enw,0.8948734
ID_Pz7d884Q,0.6171281
ID_Q02ajeoj,0.063758165
ID_Q1jfJOlp,0.99538296
ID_Q2jNRqhE,0.5982449
ID_Q3X3288s,0.28160024
ID_Q6A69NFv,0.8993576
ID_Q7mQffAf,0.99601567
ID_Q7znLZE9,0.75777864
ID_Q93GxPlm,0.30467084
ID_QAB9SQAb,0.6422994
ID_QDX5IuLq,0.73449266
ID_QF6RLRFE,0.99127996
ID_QHWtT0S0,0.58179677
ID_QHtSuPLz,0.012568146
ID_QIPHQRAF,0.5052299
ID_QJfzxEf6,0.35502085
ID_QKNxd8IE,0.9921424
ID_QQ56KKR8,0.8576424
ID_QQ65B5nu,0.998353
ID_QROaG6ot,0.13213643
ID_QRnaT7IN,0.9973056
ID_QThcRDFr,0.5196013
ID_QUeD4ova,0.68774205
ID_QWIH1GpP,0.04353881
ID_QXGska5W,0.2924329
ID_QXvlkhkH,0.79144645
ID_QYCD6A88,0.50493973
ID_Qcftc5N1,0.012967467
ID_QfHhJVY9,0.6353548
ID_QgUWywYd,0.092493474
ID_QiPuRE2S,0.43014058
ID_QjqmVhpC,0.16707757
ID_QkyGP5Hj,0.2840194
ID_QmS4qZLw,0.9320641
ID_QnZjEJmp,0.85966134
ID_Qq6YcK7s,0.0371238
ID_Qq7UW8Nt,0.15623617
ID_QrdTM1il,0.884529
ID_QsciRVrM,0.5614874
ID_QtoQh3eU,0.22163883
ID_Qv9ceu0C,0.92056596
ID_Qynm8MtC,0.9492802
ID_QzeCSeUd,0.9905144
ID_R076EM7z,0.011032879
ID_R0urwRdN,0.22118044
ID_R1E5hVkc,0.9563235
ID_R1jFhntF,0.041058928
ID_R2OUsJdy,0.824319
ID_R2RA0UJh,0.6366271
ID_R58WP0yJ,0.034789175
ID_R6EYVFTk,0.62702906
ID_RBacJSPD,0.41375166
ID_RBmOPHjY,0.377192
ID_RDluRdhz,0.9933497
ID_REmIBJrE,0.22743145
ID_REwfDprI,0.008690804
ID_RGjXOnDy,0.011031419
ID_RJiCVS5t,0.028098732
ID_RKO9bBt1,0.06230408
ID_RNQQ2aIW,0.99972844
ID_ROhvYJ9n,0.69746715
ID_ROs0cpNQ,0.15793934
ID_ROuj2BEg,0.14900765
ID_RPBGEv4O,0.52596915
ID_RPY5SJCC,0.99994284
ID_RVEmVVrD,0.90822005
ID_RYnCMLA2,0.9088954
ID_Rawi4Mxe,0.16289744
ID_RcdFwS2H,0.91055214
ID_RcvHsNri,0.82862973
ID_RdPcM2Wi,0.7728076
ID_RdWLTDir,0.056213528
ID_RfO8nLgD,0.17514563
ID_RfpwY7I0,0.9110328
ID_RidaUdN5,0.83277583
ID_RkEy1q5T,0.42067322
ID_Rkz7dENO,0.12424299
ID_RmO0O9bc,0.10572612
ID_Rmc4j5MQ,0.9973889
ID_RqeFHCFh,0.16813216
ID_RsAqtqzT,0.9869294
ID_RsrLmOkw,0.51316595
ID_Ru4Gzm4V,0.9357402
ID_RuVfgN6M,0.9117264
ID_RwXOSnIB,0.9997828
ID_RwvCU8F2,0.87555444
ID_RxYBGg1T,0.3758439
ID_RykA2p1L,0.98692685
ID_RzCHErWX,0.6622126
ID_RzS6oqMx,0.49896988
ID_Rziw1Z1u,0.64523476
ID_RzjuMTqt,0.042105407
ID_S2Nz584h,0.35955444
ID_S4FuwCuM,0.044794142
ID_S4PDxf92,0.03788683
ID_S4bDPEfd,0.6350531
ID_S5Ol2iHS,0.0066632926
ID_S6HrvDKL,0.95540464
ID_S8EkCPnO,0.675422
ID_S8aCRnCx,0.99194044
ID_S9tJwmXd,0.8353839
ID_SArSwafL,0.90908706
ID_SB76vt34,0.2957431
ID_SB9IsEMF,0.80389297
ID_SCcfq1T9,0.98931324
ID_SDy7y0VB,0.052494943
ID_SFWFoMGL,0.9566474
ID_SH7biG4U,0.016337663
ID_SIpoTPDn,0.85626614
ID_SJ2tOTZZ,0.11331865
ID_SJWI5PUl,0.46401906
ID_SLYZNMuv,0.0024353564
ID_SMEdq49Y,0.008607268
ID_SMF0Fst8,0.3483026
ID_SNjhOLdU,0.6746387
ID_SPpFnPwx,0.812208
ID_SPs8524m,0.3528951
ID_SRyE0OHe,0.99870086
ID_SSHFFO4B,0.9979081
ID_SYe7V7gg,0.15568295
ID_SZWgVlkB,0.66203564
ID_SaKJlwz1,0.9998565
ID_SaqJZWuc,0.12965134
ID_SbPo1a1D,0.68524647
ID_SchxjapT,0.99995625
ID_ScsCOeQm,0.43771055
ID_Sd0vYHxL,0.8783754
ID_Sd1il2h5,0.03823203
ID_Sf1qtvAV,0.98527944
ID_SgSbJcMa,0.8725359
ID_SkN2euv0,0.95859736
ID_Skm0GbBh,0.3995415
ID_Sl5fcBrN,0.77880645
ID_SlZLXVg5,0.48515573
ID_SmJ023y9,0.11037552
ID_SoulmUhu,0.65883976
ID_SqbhA90y,0.84260404
ID_StrEzMsq,0.0413903
ID_SuN2isWl,0.3503885
ID_SulCTA7b,0.29243565
ID_SvnyFEz2,0.031686157
ID_SwUtihGR,0.41708672
ID_SweXB3mS,0.9997972
ID_T2q1Sjd0,0.89642334
ID_T2xLcH9U,0.9863924
ID_T3DemaES,0.9916022
ID_T5jW1OH4,0.5013936
ID_T7jCUWVs,0.27321842
ID_T87QIIIp,0.02373764
ID_TAdh6rzI,0.007578194
ID_TDF67Qwo,0.9987388
ID_TE13uP1h,0.041054517
ID_TE43EbxL,0.0020001829
ID_TEt6BHgZ,0.021126717
ID_TGNk6Y8Y,0.47897923
ID_TIAwZCd5,0.40490004
ID_TJ9Q570B,0.8570285
ID_TLnvv2K6,0.26556686
ID_TNM0kSn5,0.026411682
ID_TO1baCEW,0.2148636
ID_TRBeJ6ys,0.99855924
ID_TS3iVYMN,0.6821979
ID_TTQHKwFe,0.95602965
ID_TU1Tir1g,0.684587
ID_TUbnJzm1,0.6710054
ID_TUxsUK4L,0.24782923
ID_TWCtqQJF,0.72869664
ID_TWpSmRZ9,0.56245255
ID_TXGv9Uhj,0.5910304
ID_TZwSQxPf,0.9965273
ID_TcB45OnX,0.9677588
ID_TdQRTMbj,0.99267316
ID_TegwGM6x,0.15548256
ID_TerT2AmF,0.02944842
ID_TfGvavPp,0.94286597
ID_TgPiO46O,0.14510873
ID_TiO4C9tq,0.51160395
ID_Tii5yQAd,0.66468716
ID_Tj0kqLCU,0.02486977
ID_Tk3q2o7M,0.00647074
ID_TkPAuRYh,0.18663171
ID_Tkp3Fs8W,0.22281325
ID_TlNXvMaU,0.33267277
ID_Tmti5rCX,0.7711268
ID_Tq67VwNh,0.29037008
ID_TqndvzUx,0.5359378
ID_TrCuihzi,0.9194939
ID_TsDSFf0P,0.9951846
ID_TsnX1Dts,0.025124073
ID_TwHptkwb,0.42578676
ID_U183YkHA,0.89555514
ID_U1Vo7F4R,0.04569164
ID_U1XWyBw2,0.78536636
ID_U1Xo5wTr,0.027891487
ID_U1kzuxfU,0.97819173
ID_U1oQRxHO,0.80594593
ID_U2a7r32A,0.99984074
ID_U3s3kVpp,0.7150492
ID_U4Ub1qLL,0.0145486295
ID_U4w9YWP3,0.018449366
ID_U6NvDP5P,0.9879819
ID_U7mn09Fa,0.99993503
ID_U7stUgi1,0.9867791
ID_U9Jlm7OE,0.3013538
ID_UET5Mxc0,0.3997929
ID_UEaQLGxJ,0.5979772
ID_UF6dp9ip,0.9618503
ID_UGytH6gm,0.29299784
ID_UHCzLHCj,0.99373627
ID_UILsY9kk,0.69613343
ID_UINDiVhV,0.37550592
ID_UKnS4fqy,0.9994876
ID_UNIf5wMr,0.009637058
ID_UOjM834E,0.4698089
ID_UPPGGAFi,0.18524316
ID_UPzeoSCr,0.0304887
ID_UQjY4At7,0.27049127
ID_USyGH9AV,0.6353725
ID_UTzEKcuP,0.84582794
ID_UWgN5pEe,0.45221615
ID_UXCa1e7C,0.017267406
ID_UXO93G1o,0.19780922
ID_UYrdd0EL,0.6722918
ID_UaR1UZqo,0.69160575
ID_UbFfSQGf,0.60672325
ID_UedwGkVD,0.33111483
ID_UfcMIu9V,0.3300023
ID_Ufto5gMX,0.5088251
ID_Ug2qCh0m,0.20717093
ID_Uhivoeke,0.13198021
ID_Uj6GF7Bj,0.20139164
ID_UkQ3VUKH,0.011446714
ID_UkiGPil0,0.93918586
ID_UkrCEOby,0.8511759
ID_UlTuHjZ1,0.31535572
ID_UoD4TJ1M,0.37445873
ID_UpxlPOTQ,0.5041245
ID_Ur5s9VM8,0.06537244
ID_UtBvNxbz,0.99649215
ID_UttTllWP,0.1300956
ID_UwbM61S6,0.5236387
ID_UxzP1v0E,0.1735932
ID_Uyc3G0Aq,0.8693087
ID_UyhzecS2,0.87952906
ID_UzIuwSj1,0.9934988
ID_UzR4xXHa,0.5723922
ID_V0PCmfNI,0.8706883
ID_V0VkRxXy,0.9002925
ID_V4Hkt9pk,0.023273408
ID_V4vw5TPs,0.829412
ID_V7g4aI36,0.8546822
ID_V8wRuEKs,0.25109804
ID_VA2NIICG,0.50155014
ID_VBE4Owa9,0.9998313
ID_VDPLOqDU,0.83380973
ID_VEj3MLGb,0.036904395
ID_VEztGqfz,0.14910209
ID_VGAQ9CCX,0.018819362
ID_VGgfooSO,0.10314295
ID_VI17I9u5,0.15794617
ID_VI75JIYR,0.9962975
ID_VJY6CxPr,0.38014728
ID_VLm0rQi3,0.9999103
ID_VM3saXKB,0.037056893
ID_VNF29MdT,0.99944735
ID_VNjmSD9i,0.11331138
ID_VOBI9qw5,0.9442756
ID_VOS1crvd,0.6986754
ID_VRjBKdYQ,0.017038733
ID_VS6sITNx,0.8930185
ID_VSYiNEFf,0.37561297
ID_VUngxZor,0.42853093
ID_VUsuiYXY,0.11754912
ID_VX7IoKir,0.8483441
ID_VZygkD0q,0.99929655
ID_Vb52X6sc,0.6785503
ID_VcLqg2Ap,0.06336349
ID_VeHS6zab,0.9279163
ID_VewsbY3i,0.98672736
ID_Vf9dUxn0,0.61969066
ID_VfYI3RtQ,0.6524713
ID_VglwGGjC,0.03726861
ID_VgxPUieF,0.07297042
ID_Vhuwzoib,0.55119574
ID_VimdCwav,0.6696151
ID_Vj0yl5QK,0.8316392
ID_Vj66IDYd,0.99494624
ID_VjZhd1DX,0.107860774
ID_VlgJp6zE,0.016543418
ID_VmGzXcQv,0.1723524
ID_VnATqLsG,0.98775446
ID_VopgRs91,0.6616392
ID_VpCZyGHy,0.028630704
ID_Vq6zRBuY,0.9365314
ID_VqQ9KQLY,0.89056474
ID_VqvubsFx,0.6243805
ID_VqxG8LrH,0.97421175
ID_VrGyFfA0,0.57816297
ID_VrWjTp0v,0.73607546
ID_Vrb7FylG,0.38262746
ID_VsdAZCe6,0.0134215355
ID_Vszh6RGQ,0.62137336
ID_VyEec8aW,0.024995059
ID_VztO4Pr1,0.69129854
ID_W1zVyU7L,0.044980496
ID_W2XIVIUN,0.7410624
ID_W3Sr7vpz,0.18911678
ID_W3W0Eu9d,0.9960786
ID_W5KCPegM,0.4699499
ID_W6vCthwp,0.9974505
ID_W7Uutyyh,0.89683104
ID_W8Vyal1T,0.29895753
ID_WAEFn6pU,0.8495934
ID_WAef9L8m,0.053983927
ID_WD3GTq2W,0.3659926
ID_WEhizAKI,0.9997457
ID_WKPQtNi4,0.99977803
ID_WMKlK92f,0.95064163
ID_WPKjKOU1,0.066854954
ID_WRVKqdui,0.9991021
ID_WUuyPfrc,0.31150368
ID_WVNxUt3y,0.3001383
ID_WVd2N7SM,0.8202164
ID_WYd6JOZL,0.2710272
ID_WZJ1xjRC,0.10681799
ID_WbaTqyUl,0.100183755
ID_WeJkHBYK,0.60527015
ID_Webnms69,0.99396443
ID_Wf1Zhaa2,0.03472483
ID_WfMXu1GD,0.7039753
ID_WgD1H2Uu,0.597193
ID_WhAJw1NN,0.9994368
ID_Wk9bNw50,0.045431405
ID_WlbvW4NO,0.9584015
ID_WmyX9yKa,0.42667583
ID_WntVaa1m,0.105654925
ID_WoVEPRNL,0.08887178
ID_WpPiiuXd,0.92783755
ID_WqS2LO6X,0.46352348
ID_WshjlAV8,0.9967201
ID_WuXhiOhW,0.43054116
ID_WvIgAgQ2,0.5117532
ID_WxSfWbtk,0.99839777
ID_WzhE02zr,0.021448195
ID_X1PUjkeJ,0.8387215
ID_X1fw178B,0.045177072
ID_X8Y5LRba,0.5090959
ID_X8aJKwVf,0.14316177
ID_X9DDxifb,0.9765693
ID_XAJEeDIj,0.09892842
ID_XCZ1lLJi,0.8526268
ID_XCzHZarL,0.034265727
ID_XDN74jwZ,0.0009367466
ID_XEtxedo0,0.39311156
ID_XHVcipnx,0.96481466
ID_XL2F60LW,0.6205333
ID_XNDRSN9e,0.5398448
ID_XNTXqJYj,0.9985416
ID_XNlN7AEF,0.5414367
ID_XNuISvV6,0.91856444
ID_XOUVWTu0,0.15449804
ID_XPfyjQ5u,0.28002724
ID_XQ6WF9ej,0.04253918
ID_XQGW0fcW,0.14907622
ID_XSMpXXnw,0.952885
ID_XTqUbW7P,0.032918334
ID_XUSsX57n,0.9999406
ID_XUiocwXh,0.9534869
ID_XaH2y4Mt,0.45735896
ID_XccTovDK,0.4190839
ID_XcfA8WOB,0.46560502
ID_XciUEMyo,0.4651454
ID_Xdi4EuLN,0.80672544
ID_XeuYs4iS,0.17423779
ID_XgQYFzMU,0.18773815
ID_XhmmFteX,0.76663256
ID_XinVVHfz,0.90625733
ID_Xj9oeajD,0.4404495
ID_XkbSfdPE,0.016865492
ID_XlMuR2BG,0.94168115
ID_XlQRH4vV,0.7165756
ID_XmNIhF52,0.89187133
ID_XnevrTxR,0.020423055
ID_Xo1zdFRd,0.49651957
ID_XoKd1Qj2,0.5230598
ID_XpT5Nnre,0.019604683
ID_XqDbGaYW,0.34028208
ID_XqVUiOYz,0.99524224
ID_XrhejXpR,0.5747179
ID_XsuZF3u4,0.0141626
ID_XtaguO7f,0.269123
ID_Xw60YYF2,0.023145169
ID_XwOEfM51,0.13543549
ID_XxgsbMH2,0.50019056
ID_XxvuMlK5,0.55866253
ID_Y1OHQ7cm,0.21420872
ID_Y1cbDnJf,0.9905301
ID_Y5Ngeweu,0.51931614
ID_Y5UlUUAx,0.36458322
ID_Y6FjVr7S,0.051063657
ID_Y6j0SnO0,0.58300894
ID_Y734OP3D,0.9946351
ID_Y76wrhps,0.8439805
ID_YAjkEfIO,0.007959425
ID_YAvhxXvI,0.57436
ID_YAyIbuRx,0.8367539
ID_YCUI3spl,0.2571611
ID_YFXcJ4gY,0.10965043
ID_YGSBWKeY,0.796998
ID_YGYfcj1f,0.22980729
ID_YGuFBLch,0.9998468
ID_YHNdV4Uz,0.13209173
ID_YJ2oBnBc,0.96864736
ID_YKfOEWvW,0.6341468
ID_YL7VIEdO,0.5742349
ID_YLFp2tho,0.60602033
ID_YM6QMaNq,0.17489976
ID_YMegqIbr,0.13690123
ID_YNIGPomE,0.21030176
ID_YObyVdAX,0.082448125
ID_YPbPsg0H,0.109531164
ID_YR2cCkGu,0.61926514
ID_YRijwoSb,0.26404342
ID_YTe7OmNz,0.04198286
ID_YVF7HlvO,0.067468226
ID_YVzzeq4K,0.69919014
ID_Yamx56cd,0.8792
ID_Ydm8FRzi,0.15266854
ID_Ydr8PbBS,0.99944973
ID_YeYSyccV,0.9954957
ID_Yf5JPn8P,0.21661302
ID_YhFunz8a,0.24333304
ID_Yi1GcQro,0.09768823
ID_Yi4rQ6wS,0.6127932
ID_YiZ3dvoA,0.124908
ID_YjuW87Aa,0.053098053
ID_YkBVYCOe,0.093600005
ID_Ykqe3GLa,0.47296
ID_YlmR8vKl,0.9990914
ID_Yncz5tye,0.03126523
ID_YnxUgdgP,0.012661636
ID_YtlBmn7Z,0.19954047
ID_YuldMqwD,0.9907199
ID_Yzoj2OTx,0.5723909
ID_Z0AbmpKT,0.999228
ID_Z1GGl3JY,0.57775307
ID_Z5qnTQxs,0.9884659
ID_Z7JEUBCj,0.6327802
ID_Z9EYQvd7,0.4947562
ID_Z9RB5Bjq,0.9957887
ID_Z9dOEqyW,0.7136375
ID_ZAp6Jj9J,0.9394507
ID_ZCxlAlCg,0.9257908
ID_ZHJ34cRI,0.012198985
ID_ZHkaq69P,0.99746966
ID_ZKhqiPk7,0.15494436
ID_ZKj3Jo8j,0.18389833
ID_ZKs0CCDE,0.6599664
ID_ZLDPlcCY,0.89268816
ID_ZNfZact5,0.035082728
ID_ZNjG3dLO,0.9999248
ID_ZOX29Kww,0.9979173
ID_ZOj11K4d,0.43838447
ID_ZQASPrSc,0.021289527
ID_ZSLUIE8t,0.25518623
ID_ZUJZAxIL,0.020425022
ID_ZUtnSreM,0.99806345
ID_ZW3OfLLY,0.3523504
ID_ZaUGA6dg,0.25845283
ID_Zc5HCQ8w,0.30377975
ID_ZcwzhTay,0.0028329194
ID_ZdEDdg6B,0.1257937
ID_ZeI72pam,0.9478657
ID_Zf1YMs25,0.99995565
ID_ZfEHhXMn,0.14757511
ID_ZfbO0VOK,0.07734084
ID_ZgPmPztU,0.9999741
ID_Zh371SFO,0.20444351
ID_ZhtNl8ff,0.92900294
ID_ZhxI3ccp,0.9861859
ID_ZijY9LpU,0.9969423
ID_Zk2WLVCG,0.12339592
ID_ZlVgyVma,0.14147663
ID_ZlX2Q1Hp,0.99927056
ID_ZlqJPOS3,0.051561564
ID_ZmfRqBE3,0.28013954
ID_ZpI7UYpd,0.90861607
ID_ZpIzweBx,0.20011282
ID_ZpaNw5cr,0.29285562
ID_ZqoEltBF,0.060565084
ID_ZsQXcMCk,0.98625374
ID_Zt1BiGau,0.004068613
ID_Zu9S8UEr,0.937415
ID_ZvtXsGLd,0.73989713
ID_ZwFi5bvA,0.2892307
ID_ZyJlmvaZ,0.8387597
ID_ZzaIZ0UV,0.8678818
ID_a1421x7x,0.5124948
ID_a1Mkdi95,0.80475706
ID_a1oKRdhQ,0.997398
ID_a398T1vX,0.07884508
ID_a4iDXNHQ,0.5484799
ID_a8sL1VFj,0.6350429
ID_a9y36TTS,0.5738103
ID_aBFys0dw,0.47502175
ID_aBK3Ua2y,0.23906937
ID_aCcZRWO1,0.27343416
ID_aCyQmwww,0.022529215
ID_aDMHLEvA,0.052627653
ID_aEN7eKR9,0.15077028
ID_aFh9LbJh,0.80367947
ID_aGeD6i3W,0.99829626
ID_aGk5Mrxy,0.90738714
ID_aGvoTT6N,0.69200313
ID_aHFVClKq,0.8804505
ID_aHdmHNBY,0.5279624
ID_aIWYDCzu,0.2146428
ID_aIXsviO3,0.29706028
ID_aIumCwVa,0.8938662
ID_aMTXrP1g,0.21058732
ID_aMZYAo0f,0.99757373
ID_aMygwiIx,0.46567446
ID_aPQZKRXP,0.31033757
ID_aPgUPDtU,0.88573414
ID_aQZiBIfI,0.1577898
ID_aQeYK17g,0.5716431
ID_aR84Fz2a,0.49533817
ID_aRF3HECw,0.99806577
ID_aRQEqmn0,0.9930099
ID_aUlnf6gQ,0.56313837
ID_aW1tOiyg,0.16603366
ID_aWO9Sn2h,0.060498953
ID_aXfPD4IA,0.08641797
ID_aZ08I9NQ,0.44311133
ID_aaChR6HZ,0.62622154
ID_aaY1aKCi,0.6241753
ID_ad3nJnax,0.50112015
ID_adkRqYcK,0.14271459
ID_adpMXtN1,0.9522187
ID_ago8QOaf,0.82648146
ID_aivXt3KY,0.1927357
ID_amg4P89J,0.17270616
ID_aqkQKLnH,0.05079803
ID_asMhx0bi,0.9977822
ID_askvy9CH,0.6473343
ID_au8hjLAx,0.2115618
ID_auHuebXM,0.31798416
ID_auMqeeU6,0.7733771
ID_auSaAiWf,0.02439329
ID_awtNzwya,0.33959866
ID_axIXmpm9,0.06889516
ID_ay2AxMi7,0.9416237
ID_ayLxfiWr,0.99987495
ID_azWN6Ywe,0.22717169
ID_b0UnQaNQ,0.39163464
ID_b1EH04BS,0.24897665
ID_b2NeIgV4,0.3249305
ID_b410QKbC,0.20135757
ID_b4F2EGK2,0.7057579
ID_b4g1FacN,0.24351144
ID_b6yPFadd,0.055247277
ID_b7wpw72q,0.89681375
ID_bArjr4cP,0.09056902
ID_bDCCZZuS,0.051514387
ID_bIIEsKLO,0.749428
ID_bIxXbPSU,0.9985844
ID_bKVXou0k,0.06860888
ID_bL24Qq6T,0.9989591
ID_bLTnxXGB,0.9343998
ID_bNvT2J1T,0.9999973
ID_bNx2XgC4,0.928337
ID_bOFgwUuK,0.5380313
ID_bOHQuqtU,0.19247958
ID_bONgbgbW,0.7322336
ID_bTKcksXU,0.28199887
ID_bUEBgnbU,0.11824015
ID_bVftZbd8,0.9992326
ID_bXBI9lH6,0.673456
ID_bXnmNw51,0.99777114
ID_bXr0VZ46,0.07294464
ID_bY6sA1o5,0.8890631
ID_bZBZ4Pn5,0.53798425
ID_bc4KDZtO,0.07930285
ID_bdsVmoPn,0.44073176
ID_bdxn13Lj,0.9172518
ID_be8d9yoE,0.998968
ID_behC5gEa,0.97025394
ID_biRWQ8Vl,0.15183833
ID_bjbCcCXv,0.31585053
ID_bk3oy72e,0.8197332
ID_blWdxkTD,0.051787376
ID_bp9UxTPS,0.94418114
ID_bpEd6Spp,0.9967505
ID_bqLtRyno,0.53052133
ID_bqcuXWLN,0.98066115
ID_bqqac9qc,0.31821677
ID_br5K4EQ7,0.8910004
ID_btSm71b3,0.9896424
ID_btVT00vE,0.10880491
ID_bvTM1Ab2,0.9981382
ID_bw6kcdCa,0.10337451
ID_bzEsb6xw,0.013649613
ID_bzpAqxqz,0.54259133
ID_bzrZ4Y5k,0.34657764
ID_c1ZGMCC3,0.00841701
ID_c2CnH88y,0.95152926
ID_c2pvSV4N,0.34013635
ID_c31DaiKz,0.111860484
ID_c3p8JcPo,0.5888646
ID_c6Wharyw,0.9997865
ID_c7BOu8BV,0.9999408
ID_c90r6KPO,0.67018783
ID_cBGchi4k,0.996158
ID_cBP4h9s1,0.3468822
ID_cBeBxTNK,0.18705443
ID_cExQyKYj,0.02535659
ID_cFNorp1m,0.061611295
ID_cG7iDB78,0.0703347
ID_cHHp6PcV,0.0902884
ID_cHcl7zEC,0.2580547
ID_cIaCQsvv,0.6113025
ID_cLCY5FkP,0.25535774
ID_cLPwJaip,0.9970568
ID_cMyzAlMI,0.13795471
ID_cP0wExFa,0.9518965
ID_cQzhvnGZ,0.9450714
ID_cRLh0wJU,0.560875
ID_cRmDn4rt,0.99811405
ID_cULlo9GP,0.061421692
ID_cXFuF0Z6,0.9979087
ID_cXKJmq2i,0.99982
ID_cXy8nm5R,0.99614227
ID_caN1LIyC,0.3022915
ID_caUHk11t,0.07380542
ID_cbMvxp3U,0.381024
ID_ccwDvizl,0.050137788
ID_ce36S1Ob,0.26510176
ID_ceu91oKx,0.8755702
ID_ciSJ0rn8,0.16724434
ID_ckKLJy0y,0.72991884
ID_cki0Yuwl,0.0030803084
ID_cnWTEqGj,0.9997953
ID_cpAgVdWw,0.94842374
ID_creBT5hl,0.23159406
ID_csRHYOc9,0.004409522
ID_csUIqc6Q,0.99261904
ID_cvc6quDO,0.9972851
ID_cwhZxIpW,0.99858093
ID_cyacCfMg,0.30166644
ID_cyxi2ZZv,0.99671274
ID_czgX9Uwh,0.7598932
ID_d0P7mNzL,0.035448045
ID_d1LaDCRP,0.63601494
ID_d5YH0K1p,0.25136352
ID_d7BpAPMX,0.7617359
ID_dAUq7DD7,0.9982312
ID_dBcW316R,0.3356887
ID_dBskQLqS,0.7192517
ID_dCZL659P,0.9987248
ID_dCzMWJvM,0.9922482
ID_dDDvlaRe,0.9992864
ID_dDy91bDs,0.093054265
ID_dGbUZBML,0.9816309
ID_dIcowqYA,0.04857841
ID_dJAmpOGP,0.0049085617
ID_dJBhWDK3,0.21372747
ID_dKNM4o7A,0.29203367
ID_dKf1Z8TE,0.018873394
ID_dLHZL4U8,0.9210049
ID_dNG5Kz3i,0.10736647
ID_dPqG6sbx,0.29900157
ID_dPs9Yt5A,0.8351195
ID_dRmnhM53,0.88610756
ID_dS2IA181,0.039067864
ID_dT2vGNtF,0.21242425
ID_dV8zUebh,0.13210452
ID_dVBgLQfT,0.22056413
ID_dWCevqId,0.48522523
ID_dXfeb3sX,0.42240486
ID_dagVU9Ts,0.25257832
ID_de4dfI9g,0.9831673
ID_degvkcip,0.37369046
ID_dgpH0OHy,0.97500825
ID_dhrqVGsg,0.9879045
ID_divRNFO8,0.28258267
ID_djQZQ2VS,0.97164696
ID_djeuuRbe,0.10695639
ID_djqP4vgl,0.060870886
ID_dn2ZeFXB,0.9580669
ID_dnoI9kZG,0.014643759
ID_do2ZVpl0,0.83573616
ID_doLc5LCt,0.9986613
ID_dpJQZgMo,0.140273
ID_dpddQv6S,0.24656814
ID_dqoGtE3t,0.6853499
ID_drIwV6IJ,0.9515854
ID_drLsxWfW,0.9820131
ID_ds3PyNia,0.89494616
ID_dsBVqkJp,0.50997895
ID_duhXvURP,0.44263956
ID_dv505bqV,0.14624846
ID_dvr8rMIx,0.0009432733
ID_dxcychOR,0.66728663
ID_dxyAWOBd,0.6459559
ID_dzAaePLC,0.072773516
ID_e1DAkJUH,0.98193216
ID_e1DxyIDN,0.11733237
ID_e1z9SE4X,0.72159314
ID_e4dA3My7,0.011818498
ID_e7HLAmaO,0.9999287
ID_e7XrOLmH,0.9989705
ID_e8e7e7uy,0.11509612
ID_e8f2kM7S,0.009760529
ID_eCM4B9pm,0.36724615
ID_eD93qBVi,0.9748788
ID_eEDcsyJL,0.9270109
ID_eGNHIWgU,0.17741325
ID_eGZXQ8fw,0.39691183
ID_eH6UWm4E,0.8327902
ID_eJOaIuvr,0.87370026
ID_eK6C6tW1,0.99890244
ID_eKVToGtq,0.41120994
ID_eNoZqwDz,0.13133317
ID_eOcHbasS,0.97698516
ID_eSM6uD10,0.02708605
ID_eSMnhvQt,0.6686792
ID_eThGM8Ql,0.9987013
ID_eVctWzX9,0.6854309
ID_eXXcudyN,0.040981084
ID_eYs82rtg,0.92418814
ID_eYtzUXMN,0.9690852
ID_eYwMMDuM,0.0952813
ID_eeyN2Hm1,0.01144889
ID_effXzryS,0.9896841
ID_efxDkSQe,0.93930256
ID_egNspEIc,0.932536
ID_ejGgd3vK,0.62428063
ID_ejt2xRIw,0.3659578
ID_enhv6f5e,0.28778785
ID_esX8aRdq,0.8906994
ID_evP2OwL7,0.97406864
ID_evchFk01,0.047709554
ID_exKIbA9w,0.3790665
ID_eyINHPYK,0.555783
ID_f0DP9X8E,0.07909706
ID_f13zTIBl,0.35917908
ID_f1QTmZMi,0.0072341263
ID_f2kGW2L7,0.11379182
ID_f2x03eey,0.25113133
ID_f5ayxOKn,0.31390542
ID_f5erW9IA,0.1481263
ID_f7NxIZd5,0.59816414
ID_f8ncYnwc,0.4234481
ID_fAfTwfHp,0.031070948
ID_fBwApzlz,0.23305976
ID_fCeD8c1o,0.86272407
ID_fHBV3Mvw,0.3164669
ID_fJW2sxX0,0.9993278
ID_fKQwRpCl,0.45202076
ID_fLxKXZln,0.99904346
ID_fNQt8xkt,0.023992509
ID_fNog646o,0.5161234
ID_fOSDeIkG,0.059119403
ID_fOYIwbup,0.5233921
ID_fOf7Vb8N,0.99765223
ID_fOuqgXCK,0.43429846
ID_fP9yYFa0,0.25482675
ID_fPO6pjON,0.50630003
ID_fQT8sjws,0.069328725
ID_fQvGicqh,0.5377261
ID_fR95ZuYj,0.82304394
ID_fTiJq0xs,0.03189656
ID_fUniGonC,0.6936114
ID_fVQxIAOx,0.27992392
ID_fWlTAibR,0.009238571
ID_fZ21QODL,0.23281062
ID_farwDG0p,0.114093035
ID_fbdaRt4a,0.850379
ID_fc0ZMW7X,0.99618506
ID_fcSGlF9g,0.041442126
ID_fd7Pqzuw,0.4358639
ID_fdcO7NG0,0.9993812
ID_fdtIMZ3d,0.5229313
ID_fe1JBETP,0.2531533
ID_fe9jEO2Z,0.051047713
ID_fgUhQ5l4,0.08084601
ID_fhZqAFBz,0.32651594
ID_fhycTlrE,0.9954712
ID_fjcE7Ggp,0.17817467
ID_fk1u3lrR,0.9999912
ID_foPjWtR2,0.20758322
ID_fpPSAdWr,0.035017908
ID_fq7B0Hio,0.5005847
ID_fvQDkiZF,0.99977684
ID_fwBNyvwg,0.96331453
ID_fwr2tS3q,0.91258466
ID_fx3bde0Z,0.0560562
ID_fxuWqRX8,0.3326143
ID_fyw12K6h,0.012465537
ID_fzEOoPTu,0.70497787
ID_fzeOvzKw,0.9948745
ID_g0TFdgFP,0.1852785
ID_g10Qn40X,0.03431332
ID_g1TbdLnz,0.21996883
ID_g1cKdVIR,0.96696424
ID_g1hzqc3r,0.98333585
ID_g2QMH4aw,0.016770422
ID_g4NTtpyK,0.9900352
ID_g4yvby0D,0.79635274
ID_g7G2Z3YG,0.21703157
ID_g8eJBNUv,0.9516461
ID_gAW4sdRw,0.7413887
ID_gCUSIzH6,0.997713
ID_gDnaxFvn,0.60612273
ID_gFm3EkUY,0.61275506
ID_gIdX4EQG,0.051742435
ID_gK18mVFV,0.87728524
ID_gKMPXhsf,0.77584577
ID_gLaNRy0C,0.7333335
ID_gLzJgEcc,0.76400304
ID_gMsnBTs8,0.3916713
ID_gPNGjE34,0.99988085
ID_gPh0kshh,0.024967313
ID_gPt7uiP6,0.72684777
ID_gSjIkDvy,0.85288334
ID_gVAUp2ek,0.63141865
ID_gX6ZfvRI,0.22420543
ID_gXiJFEWc,0.73378175
ID_gYBEiBqd,0.005860299
ID_gcXza3Lt,0.15514645
ID_gcbsnMRT,0.64937514
ID_gfPCFSMZ,0.24591565
ID_ghiFJfx2,0.97550935
ID_ghkKocrU,0.27571198
ID_gkaPzLfY,0.99489605
ID_glPDfVR3,0.18971506
ID_gmEUREBm,0.023323983
ID_gnoNafAh,0.18364412
ID_go0FvZTA,0.98618793
ID_guYZ5DON,0.4191735
ID_gwGDyyXk,0.9162274
ID_gy2y6YUK,0.97645426
ID_gzJjqzfR,0.22456986
ID_h1YPdtnL,0.8264011
ID_h4IFiyDV,0.065570414
ID_h4Q6U1li,0.97032166
ID_h611TifA,0.99998254
ID_h62gYgvN,0.99999815
ID_h6PviDOS,0.7209281
ID_h6ydEKyN,0.9999063
ID_h7J4tg4V,0.98948514
ID_h7y5tpWf,0.050951034
ID_h8sOuOSJ,0.44216645
ID_h9byKhC1,0.9915456
ID_hA2UMQJn,0.24786416
ID_hAr4VisO,0.0641374
ID_hDio1UtH,0.9848596
ID_hHQNuPgg,0.60612863
ID_hM9AYwig,0.9999987
ID_hNAnAUnD,0.9967736
ID_hNKTj9aM,0.053012848
ID_hNb4JfGY,0.6014842
ID_hNqcwlWH,0.09095964
ID_hOL49gto,0.42229494
ID_hONzDWUi,0.98584676
ID_hPHWcKsH,0.9988282
ID_hPQAUJ9a,0.755139
ID_hRtAOHyE,0.96295667
ID_hT4QGVF5,0.6884166
ID_hTOuq2cm,0.19033638
ID_hTUw7uc9,0.9998467
ID_hUBGH5hK,0.77939916
ID_hUngQPXv,0.1625087
ID_hVQhEzlL,0.45651382
ID_hWHXx9Di,0.48101473
ID_hX0GlNm2,0.10045603
ID_hYDdrNzF,0.999562
ID_hZpnzCeN,0.17026019
ID_hcqHYbgN,0.27131182
ID_hf1uG40D,0.039203554
ID_hfpxYPfC,0.99036664
ID_hhB1IxEj,0.80212903
ID_hhEk6cpW,0.43669
ID_hiiLPB4t,0.118670404
ID_hjKbYQrk,0.30548185
ID_hjTuFg7V,0.34790635
ID_hkX7bsBW,0.96625924
ID_hmE1T46O,0.01988241
ID_hqqKm5Z0,0.9999728
ID_hsSfWLkT,0.6804453
ID_hsh5wXXx,0.057131767
ID_hsnzoGdS,0.95337784
ID_huVLzLRy,0.18452704
ID_hyndvsZH,0.9974781
ID_i0IXzY99,0.99992114
ID_i0OsqbvS,0.9995202
ID_i0wbRnz7,0.008909494
ID_i1w4nCBj,0.1296846
ID_i3w807Ro,0.33253866
ID_i5psd7Si,0.013155401
ID_i6w1AiqQ,0.9980484
ID_i6w3Wz15,0.75275934
ID_i8gGfAmt,0.17600673
ID_iAEcp9lc,0.05648178
ID_iAdCFjXA,0.892346
ID_iAso8saM,0.20503828
ID_iCOsyTsN,0.93390536
ID_iDPToizE,0.48825088
ID_iEXBdY2V,0.97702193
ID_iEcFZael,0.17317665
ID_iF7DBPgj,0.77202797
ID_iFgZkZb6,0.5417659
ID_iHsOofj3,0.98346794
ID_iJ5sc2Cw,0.54192585
ID_iKFGqnzu,0.25779068
ID_iNcMGt9E,0.95920414
ID_iOpPugGA,0.07808247
ID_iPFki0BO,0.031853616
ID_iQjHm9VB,0.8710209
ID_iSBjLbC4,0.71063226
ID_iSO4gNU3,0.70477027
ID_iSeqhvBA,0.03738457
ID_iTY2dWrd,0.0071264803
ID_iUK2ERr4,0.030368298
ID_iZPQ234E,0.943753
ID_iZk3jjwP,0.23786765
ID_iajiNusx,0.025648892
ID_ibXmePzq,0.63366896
ID_idFbvm6x,0.12358925
ID_idT9qqJn,0.2827269
ID_iez0o8tn,0.7681955
ID_ihqgQBZE,0.9956482
ID_ikydSY8G,0.72554517
ID_iltoUnPr,0.46879855
ID_imyU0m21,0.110631436
ID_iobXqiMr,0.69895494
ID_ipBzCovN,0.9970418
ID_is7BBmhE,0.47398043
ID_isgxHKUp,0.086910546
ID_itKZ3dmp,0.6818633
ID_itepw8Ef,0.14332706
ID_iu5CpqUj,0.48124248
ID_ivy785Co,0.9965534
ID_ixDU6YpC,0.41705757
ID_ixp6I0gi,0.86751235
ID_iz3yIj15,0.6146588
ID_izX90dHR,0.20653236
ID_j1kf9Wxh,0.041015625
ID_j1s9Kt3m,0.03481391
ID_j2cZDAoc,0.69723153
ID_j3iFqHbp,0.99097204
ID_j5EszeOe,0.99983644
ID_j67UfJfR,0.7773695
ID_j6Y2bSR7,0.17650807
ID_j97gXC1I,0.99508166
ID_jChHmqqB,0.02986306
ID_jE2O8v4F,0.12344301
ID_jEKhZFpI,0.91157293
ID_jEYH6TNp,0.98828995
ID_jEji3MjU,0.022801876
ID_jFhQXomk,0.015452623
ID_jG7av9kU,0.22079524
ID_jGHMkuXX,0.01092425
ID_jJtSABMx,0.90346396
ID_jKARZXoF,0.3789213
ID_jPUVo9ul,0.96856356
ID_jPf9cNLe,0.8882298
ID_jQgdiSBu,0.9822494
ID_jSmor0Go,0.36710113
ID_jV3WjrAZ,0.9102562
ID_jVR3hISp,0.21582273
ID_jWOev3kZ,0.76911634
ID_jWyHO3Nj,0.013005048
ID_jZORrGIk,0.06228286
ID_jaH5jffF,0.69483685
ID_jcv1YLkr,0.9953747
ID_jeqY3I7g,0.4631069
ID_jfE9oX05,0.92491543
ID_jfI65J3S,0.0058510005
ID_jfjJMKVY,0.71151525
ID_jhGBz4i5,0.10976529
ID_jhUuXOqz,0.9644754
ID_jhkeSmyM,0.99686563
ID_ji44JQbt,0.11315578
ID_jjw2Duh3,0.65988946
ID_jnBy5FJv,0.99180496
ID_jnRAnv64,0.11965427
ID_jpK5oy0W,0.7562938
ID_jpLCwwyu,0.8203796
ID_jppAVkAu,0.0065698028
ID_jrkSMB5C,0.20261163
ID_jsRKVcDW,0.07660341
ID_jtemkvJX,0.01717788
ID_jtwvK3tX,0.22755083
ID_juavi6PQ,0.088172406
ID_jv3vFGVP,0.03866434
ID_jvLPHusZ,0.8132036
ID_jvWmDwXe,0.53078204
ID_jw9MwZCa,0.9998064
ID_jyB6jubu,0.8346622
ID_jyFohLcf,0.47261328
ID_jz8PW6x2,0.06413168
ID_jzBV8cpc,0.02431807
ID_jzu9j0D9,0.29994994
ID_k0pzhix6,0.036909282
ID_k1VhzKJO,0.6689637
ID_k1Vyb5gh,0.8536071
ID_k21WPkHj,0.012375176
ID_k3JGb5k8,0.99942356
ID_k5aoYYRX,0.5828032
ID_k79W48cm,0.43364623
ID_k7iWNqgx,0.5942189
ID_k8oABRbC,0.81759334
ID_k9Gf5JPw,0.91647345
ID_kB4hKLPc,0.7866045
ID_kEqo5dJS,0.91917944
ID_kFh0eeH6,0.4184583
ID_kGmMBEOq,0.38674217
ID_kHD39slt,0.20039672
ID_kIaObEaA,0.17055172
ID_kLahezjH,0.0133006275
ID_kS79YAF3,0.10355452
ID_kScj5A3V,0.015690088
ID_kTa6WTWN,0.013592035
ID_kYM00z5p,0.5051441
ID_kYWHUjNL,0.9401989
ID_kZaLJCF9,0.98563707
ID_kaBP8Mkp,0.0105596185
ID_kcVS2NBK,0.9612386
ID_keLFMIbC,0.99997103
ID_kfblx8Sb,0.5757429
ID_kgXOS7nB,0.014634132
ID_kh6In0Y7,0.78920615
ID_khMOmuaz,0.752823
ID_khbHvDSR,0.6937546
ID_kjJr12Yw,0.119393885
ID_kjtg79Hn,0.23131701
ID_kkGFBAEn,0.966334
ID_kkLoP2Ie,0.24708319
ID_kka87ntW,0.8678405
ID_klCHM1P3,0.69157875
ID_ko77xh9T,0.3824846
ID_krnZEpfV,0.29397264
ID_ksHwpRq8,0.9537631
ID_ksOASB6n,0.0322572
ID_kv5pht8a,0.99970984
ID_kvKjY9Al,0.066014886
ID_kzNhamBV,0.51140976
ID_l135vgRA,0.9900046
ID_l1LK7cAH,0.5603474
ID_l1SNePuZ,0.8919326
ID_l2rtGoRs,0.9912415
ID_l3OcwXdu,0.86641455
ID_l5AOSvKr,0.97825086
ID_l8PJpoCb,0.9977122
ID_lAtLQpsb,0.95111835
ID_lCyOFpjh,0.020893216
ID_lDYvgl9B,0.24611059
ID_lDj6muqp,0.20406088
ID_lFUaeYz0,0.02464515
ID_lFdlBPp8,0.89917827
ID_lO51v6TZ,0.005967647
ID_lPulSdOD,0.39428908
ID_lR6RQQ3Q,0.3993729
ID_lUcXGO72,0.23288152
ID_lXfE71JD,0.90955436
ID_lY7eLTG4,0.05225241
ID_lYDGlFQN,0.19404644
ID_la0pxQOg,0.007086158
ID_lfOPuCSn,0.07423672
ID_licshVgb,0.9736601
ID_llKax20E,0.029485673
ID_llcIRyse,0.38162348
ID_lmEfrSNp,0.56992733
ID_lmfDfPgW,0.19230348
ID_ln4l16ox,0.11861879
ID_lnvQjgdG,0.1289764
ID_lpjm5hhW,0.46529877
ID_lqdqWAku,0.08791003
ID_ltGxT1SW,0.21315727
ID_ltpcmouo,0.9999984
ID_lu3HqsgC,0.07185367
ID_lwjsbCFt,0.0052966774
ID_m2DQnlbQ,0.102121204
ID_m2Hb9v90,0.97938466
ID_m5Anw5sm,0.6739082
ID_m5HP5uu7,0.029729247
ID_m5LgwzOv,0.9520682
ID_m85chtVg,0.2210392
ID_m8K2o1Ac,0.5477234
ID_m9OU24LP,0.033817768
ID_mAgPPyed,0.89411116
ID_mCvPQtVS,0.9375328
ID_mHGthsBm,0.99804175
ID_mHeIs4SB,0.9970699
ID_mIe7jOl3,0.98722744
ID_mJ4JSddm,0.25241822
ID_mJqlRviw,0.9987881
ID_mNp3Fa8A,0.7435038
ID_mOPV2o6x,0.99736106
ID_mQpopFPI,0.8180252
ID_mRKRFj39,0.45343494
ID_mRiUO0mh,0.17468292
ID_mT05rixu,0.85016704
ID_mVQIOrGo,0.08841017
ID_mZmmVFWH,0.5357749
ID_mbbVJyw0,0.22796962
ID_me7rDKkE,0.9236608
ID_meKqOdP4,0.25319093
ID_mgDD2NLZ,0.02475059
ID_mgJ1549d,0.45249155
ID_mjMy6fpI,0.013618588
ID_mkf9Lufi,0.7789046
ID_mmLvsWRf,0.18024072
ID_mnDcM4C9,0.9992151
ID_mpGk93mX,0.09595993
ID_mqqONbor,0.054230273
ID_ms44usNL,0.21354699
ID_msAls5sN,0.30411333
ID_mtqKuoRw,0.2219488
ID_mu8W0VaC,0.15670118
ID_muHWcIOW,0.3746158
ID_mwZ7ukcn,0.8803085
ID_mwzWFiRE,0.12980118
ID_mxiEkGMt,0.21966574
ID_mzCNYICI,0.19599837
ID_mzK0bzNb,0.030608833
ID_n5U0f73v,0.23590213
ID_n6LFOl7M,0.03875366
ID_n6cchC4A,0.56189376
ID_n6sEp1Ux,0.035813183
ID_n7ETDG0P,0.09298718
ID_n7c7AsLb,0.99038017
ID_n8KGi1o2,0.92212427
ID_n8b7QGVn,0.0068895817
ID_n91swS11,0.52161473
ID_nA089nLZ,0.0033996105
ID_nCK8Sav1,0.27377844
ID_nCWQrqJe,0.09253773
ID_nDAllReu,0.35815865
ID_nECBm2xr,0.32331222
ID_nHQVYUnB,0.9747386
ID_nHwy0eQz,0.37436932
ID_nHyHBhXK,0.03934744
ID_nJzjE7m4,0.06940597
ID_nKBuR2Xf,0.066868305
ID_nKhlwqrd,0.97570753
ID_nKniclLC,0.044436544
ID_nKvQoeKp,0.046054542
ID_nMSuLjrT,0.08759192
ID_nQ9OWTvv,0.39674369
ID_nQkeqOiK,0.97369564
ID_nRWBr4bd,0.43422538
ID_nRX5YpX8,0.4189866
ID_nSvU6qKe,0.32216904
ID_nUHdMWxO,0.77212477
ID_nVWGX0QA,0.86424327
ID_nWZqtWVH,0.31418797
ID_nc4th9On,0.16706803
ID_neCLQSOo,0.09724203
ID_nilS9ShJ,0.6327238
ID_njrKWndf,0.49223372
ID_nmVghy8n,0.67047834
ID_nmzWmNNW,0.14098677
ID_nnn9fvz5,0.63716763
ID_nrEogGPj,0.07656646
ID_ntRYlDHC,0.78054416
ID_ntsKZls4,0.47623435
ID_nuMHhQTP,0.4510605
ID_nudojWLa,0.015116692
ID_nw9YUrW8,0.9991793
ID_nwklppWG,0.00046789646
ID_nwrxQZRr,0.94654
ID_nyFazyeu,0.73319745
ID_o1AZchry,0.4911234
ID_o24xU2YS,0.75683033
ID_o2LtTq7U,0.5607178
ID_o339V7JT,0.6293757
ID_o43dV4eM,0.113954276
ID_o5S7pCxA,0.036340356
ID_o5ucYnml,0.8131973
ID_o6WprzCU,0.87715685
ID_o6xd1Ajo,0.07464665
ID_o7SRJolK,0.13489583
ID_o7jauvaS,0.9357713
ID_o879ahV4,0.82960534
ID_o8e35xP7,0.0065887272
ID_o9Kj6Are,0.9222382
ID_oAGBlFsj,0.019762278
ID_oBtL2DRD,0.56930816
ID_oFD1SZeP,0.2310184
ID_oGb9K5U7,0.21542013
ID_oHDNFvz8,0.0901604
ID_oK2aei4b,0.0267466
ID_oNC6rdfB,0.18389079
ID_oNr59K8y,0.01895839
ID_oNvxG8Tb,0.3462559
ID_oO5UoCQk,0.055442423
ID_oTk1KllK,0.70312375
ID_oTxL0NkR,0.00928992
ID_oVRUhR6m,0.0199202
ID_oYhLMzhJ,0.32164323
ID_oZjqJADt,0.011853993
ID_oaDJ7kxL,0.9894407
ID_oaHBTUdD,0.7735125
ID_ob65hM1B,0.30616334
ID_obfoAxzx,0.9741552
ID_odlKDCRI,0.7001816
ID_oe9lkpYK,0.15490815
ID_oeYggML6,0.4611209
ID_okfqbHgc,0.0022426546
ID_olvDXSKH,0.055167705
ID_onvcUL0G,0.8700773
ID_ooxNeD4w,0.925491
ID_opHbfCFq,0.8298619
ID_oqB9EErg,0.1970352
ID_or4v1opg,0.04500577
ID_orTMBxhr,0.999708
ID_osYDJonq,0.9978823
ID_osaeO1BB,0.54995215
ID_otqUk37z,0.75548446
ID_our8ijFL,0.014217436
ID_oyeh9hJx,0.2488311
ID_oyx3l6xV,0.103422165
ID_p0MDmUYB,0.806168
ID_p0rc5hF5,0.45182374
ID_p48sFcsm,0.98702574
ID_p6injzQz,0.2130121
ID_p78bnv4A,0.93831795
ID_p7wJcR3i,0.58987254
ID_p8JUOG0P,0.23211354
ID_p9QidQkK,0.9941318
ID_p9RBlSSU,0.78104025
ID_p9TxLzWM,0.55554557
ID_pAjeEhwL,0.999923
ID_pBmkFvab,0.4395448
ID_pEJiJ9CG,0.12829155
ID_pIjKHNH1,0.03107974
ID_pJOGHe9v,0.98507947
ID_pKRPcpdm,0.9869093
ID_pNDz13se,0.07383713
ID_pSR9ROkd,0.99468553
ID_pZwTkDE0,0.641984
ID_paRuqG78,0.12526745
ID_pb23Siau,0.5993475
ID_pbBgtXqi,0.9756286
ID_pbJTPSV6,0.17029536
ID_pbQjE5U4,0.020970702
ID_phxu4V06,0.64883536
ID_pkbjiExX,0.33016017
ID_pmQjf0OG,0.723608
ID_pnuoR5fC,0.5574759
ID_pqFO0ksZ,0.9718792
ID_ptco9nft,0.93317026
ID_pwewH2Cj,0.6265976
ID_pwx9hxiy,0.900191
ID_px0gQY2Z,0.012757659
ID_pxAwr7dS,0.9621732
ID_pzaqPbGf,0.67360747
ID_q18kahUV,0.031925768
ID_q1GcfluX,0.86934185
ID_q2YzrDbJ,0.9332428
ID_q5Dox1VL,0.25270015
ID_q6X7uKrZ,0.6001214
ID_q7ieqWpb,0.0052080452
ID_q8Ijb6d6,0.059442908
ID_q9V4fxyn,0.4632202
ID_qC6xqUrA,0.3531886
ID_qCNqtj9I,0.99980617
ID_qClumwzN,0.9933078
ID_qDuv5vB4,0.9643924
ID_qG2EUtyj,0.14297864
ID_qH4r6HZm,0.9889344
ID_qH9d8ZVp,0.2811718
ID_qJInZQkY,0.9970523
ID_qKXzeDmU,0.9544581
ID_qKkCl9vs,0.4928326
ID_qMTVOX4L,0.8974142
ID_qMaeK8GF,0.07902953
ID_qOBzpQAB,0.92968184
ID_qPSGnCel,0.8873141
ID_qRQBNmz2,0.7227061
ID_qRYLEbNx,0.9799835
ID_qRzIC1q3,0.16305593
ID_qS31DWKt,0.15314531
ID_qSkK9kNw,0.29506588
ID_qTIq8ljz,0.25418454
ID_qWQm3bvf,0.011724442
ID_qWSHfcLX,0.32679844
ID_qWnqR0eT,0.97154963
ID_qXNgHpCm,0.34247673
ID_qZiDYx96,0.96878314
ID_qa928cai,0.9995036
ID_qaqqZIkT,0.42676654
ID_qbmg9L59,0.17041177
ID_qcK4BEAu,0.74455965
ID_qck7r543,0.5237726
ID_qdBzw3id,0.003585726
ID_qdq3IJKn,0.4383606
ID_qePmOEpx,0.65330064
ID_qeqhLGU6,0.095395595
ID_qg9a8wAU,0.1794425
ID_qhtaYa9L,0.9977522
ID_qjV24yjO,0.013116688
ID_qk9TVc06,0.6279638
ID_qlLtV7YX,0.99277633
ID_qmxxtjkT,0.90204775
ID_qnFlRcQR,0.75306773
ID_qnbMA3lS,0.10709083
ID_qqxigXXT,0.44143057
ID_qtWuO2Ec,0.99794483
ID_qtfxnXSw,0.2739303
ID_qvIRhh0s,0.92888665
ID_qw6NQElw,0.99969965
ID_qy6A9yba,0.88450783
ID_qyCAlKng,0.16900384
ID_qz4jXXfU,0.6193402
ID_qzXI9ExC,0.9174752
ID_r0qrpplM,0.5465164
ID_r2qD0N2p,0.3008119
ID_r3elaSAO,0.988425
ID_r4eFUsLI,0.9999985
ID_r59Qv0FX,0.8997047
ID_r5C90aSZ,0.99858296
ID_r6AFAqkm,0.5176868
ID_r6RmJnWh,0.020876229
ID_r81UpXB1,0.21388951
ID_r8h9BeCO,0.19027129
ID_rAr1bRA3,0.58919877
ID_rCVeOohM,0.033269554
ID_rCfSzfCA,0.86558855
ID_rCrEWiQw,0.3315019
ID_rDx27oC3,0.9997449
ID_rEfE6cDC,0.009465069
ID_rI8Bwqa2,0.9816045
ID_rIizSgdr,0.9980818
ID_rIy6B0WN,0.9842598
ID_rJEzgm3u,0.45963272
ID_rKQhn0oy,0.90556246
ID_rLQfhlme,0.9975729
ID_rN7V0wvW,0.8174063
ID_rNdGfmFM,0.57112014
ID_rNkILLD7,0.021475673
ID_rP6Oxq2J,0.99228215
ID_rPgCnxyC,0.6604531
ID_rPpVVUSE,0.045002043
ID_rVGnegSY,0.30988196
ID_rZHJgNNi,0.86362016
ID_ra2M18dM,0.3046619
ID_rdKCsOId,0.6547732
ID_reUJuqMa,0.05252558
ID_rf8OY1RQ,0.0068855584
ID_rf8Vgn5Q,0.88171655
ID_rflVFOUH,0.3529011
ID_rg7QZrZG,0.99995947
ID_rgD7E4Ro,0.53614503
ID_rgaxYZyh,0.14763075
ID_rjBhV66G,0.011038005
ID_rlWA5QzY,0.34439695
ID_rp9vIIOx,0.9677508
ID_rq273ADV,0.25847554
ID_rqcO7PuF,0.99929845
ID_rsxBaaeV,0.12743512
ID_rwZM8I1g,0.34184045
ID_s0BHvV1t,0.20503804
ID_s17rjBRj,0.8066034
ID_s1TRI07Q,0.85867107
ID_s20LtwiZ,0.2825752
ID_s4S5Z4gn,0.56284434
ID_s5W1zZl4,0.7965408
ID_s61aJlbD,0.9425672
ID_s6nu3RQw,0.8407932
ID_s9JENfsh,0.08005336
ID_s9MTlqCY,0.91034985
ID_sATwcPbe,0.9993253
ID_sAYtCjCD,0.44111314
ID_sAoVNTCz,0.58060783
ID_sBItI6FB,0.90244603
ID_sBwOFlc1,0.9795501
ID_sByWkh1o,0.18147185
ID_sFelDh50,0.39523858
ID_sIefv1sF,0.8977162
ID_sJnCe7wW,0.2706076
ID_sM1f5Sr1,0.9465504
ID_sMNzIsci,0.6800149
ID_sMSSm9O7,0.81267965
ID_sPtS7aCX,0.22977272
ID_sQB254o3,0.73966
ID_sUwyts6W,0.8678458
ID_sWMw7pro,0.95379627
ID_sWeiQ5tz,0.5911148
ID_sYa5y62T,0.10359678
ID_saYQtY6b,0.8756917
ID_sbmBqcIj,0.089444906
ID_sePezNOP,0.24950385
ID_sglOtjD9,0.46829328
ID_shIcvYVt,0.53425354
ID_sj90IfdU,0.9999176
ID_sjmPJqd0,0.4974148
ID_skDyZW6I,0.91023827
ID_sqB0X8NC,0.6133185
ID_sqTKhlFD,0.60171247
ID_sqqCbGsj,0.08488202
ID_stQ3rm19,0.78910077
ID_stxa64ij,0.31589246
ID_styASlQG,0.9228003
ID_svAfUev0,0.017527044
ID_svCABNgf,0.9921248
ID_sw7Ris09,0.76657724
ID_swIRE1vH,0.39896923
ID_swoS5xgY,0.99964154
ID_sxFycP9M,0.8122222
ID_sykzIKXO,0.997777
ID_sz5dhh4q,0.659537
ID_t0i13R2n,0.5824249
ID_t2jO3ZZu,0.9074067
ID_t4cxucdJ,0.15758869
ID_t4r0SXeu,0.5904028
ID_t6DWQVLd,0.091882885
ID_t6MdnbkI,0.9778842
ID_t7BpR9OV,0.38454455
ID_t7nU78tT,0.20803621
ID_t8Z9IP8T,0.1287893
ID_t8sK6Ix8,0.9999571
ID_tB703XFc,0.5738958
ID_tBu33kFx,0.13226023
ID_tC1qF2Yo,0.281085
ID_tEq8PWr3,0.15662324
ID_tIVi8tvJ,0.44760343
ID_tKhTSS7U,0.047130674
ID_tLTSy4BD,0.38608417
ID_tNYQRjlQ,0.02460739
ID_tNasPzPt,0.646399
ID_tOT2xNS5,0.011193454
ID_tOeX00vJ,0.9325528
ID_tPtb5EPo,0.6118687
ID_tPyKUZfT,0.999923
ID_tQL4M5V6,0.0064685643
ID_tRX4hAwm,0.9663997
ID_tSKHJcyu,0.999278
ID_tTeAPJiX,0.14589518
ID_tV7UlavR,0.7559846
ID_tVHE9qmK,0.3123567
ID_tYiq6aLu,0.46114036
ID_tas4UK39,0.8984717
ID_tbxjQNbM,0.9999993
ID_tcKljunh,0.89942163
ID_tg77M2MH,0.0049553514
ID_thR8OKV3,0.92377746
ID_thZr8pEU,0.8889822
ID_tk4u94U6,0.8678871
ID_tkALXSWI,0.009988219
ID_tlM1qq16,0.65684867
ID_tpX9l7Cu,0.22805142
ID_tth96kGh,0.90864897
ID_ttoc2vBb,0.9994508
ID_tvYr1am3,0.8442943
ID_tvtTjjd6,0.9994825
ID_tw8R7Xjm,0.8884628
ID_twuAbSXA,0.16815808
ID_txAyVAXT,0.83602226
ID_u0C9Y3TT,0.22294188
ID_u0I0qsjK,0.46199673
ID_u1cgbDWK,0.9661735
ID_u2QmU9eG,0.9924679
ID_u924jX4c,0.19344437
ID_uAgOXDgd,0.050451905
ID_uBtVkw4V,0.012697786
ID_uC5m4LrT,0.073164165
ID_uCIbjtdW,0.1616733
ID_uEsCWS4B,0.023011684
ID_uGFSLp1I,0.859802
ID_uHOlMjwP,0.97812307
ID_uJP2e6Zu,0.1292029
ID_uO0p3RvK,0.65983874
ID_uORaeJvB,0.011177629
ID_uPkP5ZNl,0.84040606
ID_uSNGKfUI,0.9640018
ID_uTCpQ9Uc,0.99105346
ID_uVb7aCTc,0.36948776
ID_uVqyrwyA,0.7244115
ID_uYumQ3TY,0.12974653
ID_uZDWLxZU,0.052178532
ID_uaDXbD7t,0.15710828
ID_ub9BMYvz,0.9788753
ID_ucEZz0Qy,0.92990446
ID_udOizbMA,0.35036945
ID_ueC2ejfk,0.0051069558
ID_uf0GpNqZ,0.99850893
ID_ugWSSl4s,0.4851792
ID_uj7xleO7,0.28220987
ID_ujjRXBeJ,0.16965726
ID_ukRFauuE,0.99997616
ID_umKLtXqi,0.4270772
ID_upiOnwjs,0.9992745
ID_uq1UF6hY,0.19071025
ID_uqgFLZe6,0.18532524
ID_ut1Pg4ry,0.88020384
ID_uu38X8XP,0.73553175
ID_uuOTHXnt,0.8765012
ID_uusi5ryw,0.4494273
ID_uviPTZUU,0.9440409
ID_uwopWaex,0.5083927
ID_uxzjBa4v,0.72119236
ID_uyCprnGJ,0.9918403
ID_uzRkdAm0,0.9995737
ID_uzYm5S10,0.111147344
ID_uzmmrueb,0.8759822
ID_uzt5KKvn,0.4704803
ID_v3LkFJ5p,0.037250012
ID_v3NW8Vah,0.13227093
ID_v6c70kTh,0.19953477
ID_v7UTixjF,0.9403475
ID_vA7ArAOK,0.9965769
ID_vCzLQ12j,0.01623869
ID_vDYcs5zG,0.33732998
ID_vEcnmovZ,0.061588973
ID_vEcujqbt,0.34505415
ID_vGA9DLQd,0.8711152
ID_vGIkzmYD,0.5303147
ID_vIOgwf4d,0.9999974
ID_vId6L2xO,0.6712338
ID_vIwsjE1b,0.51195824
ID_vKi24xDh,0.9611131
ID_vKtgrl02,0.23929954
ID_vL8lYf1V,0.22452715
ID_vMYGHqKt,0.8803718
ID_vStTgS66,0.20212045
ID_vVBhEtnM,0.02894175
ID_vVUVqqpX,0.97970104
ID_vbzx8Ohi,0.43183383
ID_vc3qg8Of,0.96688014
ID_vcvHbPXk,0.53033096
ID_veXuwAhL,0.9069594
ID_vg3PMXYN,0.043298006
ID_vgKpvIrD,0.9998673
ID_vlEWojND,0.091605306
ID_vlvySq4B,0.9560792
ID_vmFjEfNd,0.77207315
ID_vmlfmOb8,0.8507757
ID_votmSufW,0.5726547
ID_vpS1wbWv,0.07897371
ID_vsU4VlR7,0.99563414
ID_vsXelDft,0.029746145
ID_vuAcPYwL,0.18904537
ID_vvHJ3dAB,0.30188212
ID_vwpa4oPc,0.5685156
ID_vy4cm1Eb,0.8082707
ID_w12ih0vy,0.14527607
ID_w1LUtkWU,0.065476865
ID_w2Awmfpk,0.5662315
ID_w4AophGT,0.004270941
ID_w4anmRiT,0.40794933
ID_w4eKFf2h,0.105311334
ID_w5HuvIfn,0.5964537
ID_w70zTKiD,0.024861008
ID_w9UG0xNM,0.7132082
ID_wBjrmff6,0.043566525
ID_wCaKPJW0,0.050739348
ID_wFM2Ma2A,0.9403224
ID_wFbws05F,0.031733364
ID_wFm91TwT,0.31277794
ID_wG69zNe5,0.21095094
ID_wGKWZRxV,0.7347871
ID_wIRRRZFM,0.14835408
ID_wJMfCzIB,0.5187135
ID_wKmhHQ2X,0.99402446
ID_wNTobWUk,0.040304035
ID_wNd51hh1,0.839502
ID_wO9YRInR,0.9938702
ID_wORvwx4Y,0.8779633
ID_wPgjsbvk,0.46392176
ID_wPzhUbjW,0.110890895
ID_wQlDXale,0.11346769
ID_wTjzf3gY,0.04220265
ID_wUs038gl,0.99492484
ID_wWSyKOmT,0.6839925
ID_wYI7XWuW,0.5588499
ID_wYVPVhi7,0.7756641
ID_wYhGtSLQ,0.56785494
ID_wZnTHqpF,0.08519149
ID_waMYY11I,0.008756101
ID_waXVnawk,0.99981064
ID_wbDGKwds,0.73406565
ID_wbiMMHbx,0.03107363
ID_wcfPBKql,0.7495269
ID_wgpQpTV8,0.22169247
ID_wiIs4TAN,0.47872004
ID_wkcXaEnj,0.51646984
ID_wlR8pKGy,0.8453723
ID_woLm2RLm,0.23027638
ID_woVd3XnQ,0.10657367
ID_wqfl9fWo,0.025693417
ID_wrEFDRb5,0.02670291
ID_wrTtuzwk,0.121177554
ID_wraepoeH,0.728809
ID_wsESBgBF,0.9430219
ID_wuB56kTf,0.6999713
ID_wvxQeUhw,0.2334325
ID_wyr3WWw0,0.38898903
ID_x2vo6n6x,0.5254823
ID_x6NQ5w6O,0.9208518
ID_x7jFaAkl,0.26148522
ID_x885ZnfT,0.46521306
ID_x8AsJNrg,0.969201
ID_x8BntjVf,0.36850226
ID_xA7q3hxF,0.8080759
ID_xAyoGcBy,0.891786
ID_xE5R7ciS,0.9954925
ID_xFw5VheX,0.31812155
ID_xHznxVHh,0.88398826
ID_xN02hFUC,0.046007365
ID_xNPM2lJt,0.97276676
ID_xPDKhf9R,0.99850065
ID_xPNYh9Gr,0.1215941
ID_xQ5maBsd,0.2968046
ID_xQaYB9pX,0.9588394
ID_xR14wuFO,0.32738042
ID_xRYkZN1G,0.05805698
ID_xTdQurWI,0.99400043
ID_xVqKlWgm,0.14820829
ID_xXwd0McU,0.08578685
ID_xZ7eji05,0.9364385
ID_xZLDCzUD,0.34812248
ID_xZYqsc2H,0.059699178
ID_xZkPW4Gl,0.033634573
ID_xbVZ7oiP,0.5104789
ID_xcxxX1XS,0.908612
ID_xe6hfyks,0.7909488
ID_xevuUatH,0.42100346
ID_xfVVIJQ2,0.06698775
ID_xhdEfwrO,0.9822972
ID_xk1t2QPn,0.13725805
ID_xlI0FyvD,0.32678765
ID_xlicC1lR,0.11488557
ID_xnBZDfP6,0.035245717
ID_xnjMGFdl,0.9945492
ID_xqCJC2ob,0.14782056
ID_xqMgzsNr,0.46717462
ID_xtEwvD4p,0.99384725
ID_xv4Yg1pe,0.7842511
ID_xvc6X2lX,0.059786707
ID_xxC0DzvF,0.9979998
ID_xzLKLZrP,0.138773
ID_y1ZBrJu0,0.91221285
ID_y2KEG7nF,0.9627309
ID_y2lbNKAp,0.75195277
ID_y2tJpoae,0.6077318
ID_y2wzisR9,0.8566685
ID_y40tTxFd,0.6180046
ID_y4mHOMW1,0.7893605
ID_y56O0fr9,0.020169556
ID_y62DxlzV,0.5116123
ID_y6mDF4NY,0.96590865
ID_y9VVeKA4,0.90591896
ID_y9yxsesM,0.199797
ID_yBnnn4qK,0.004907191
ID_yCCRz4CY,0.9857866
ID_yFDOuIjd,0.31825173
ID_yGCUyqgf,0.99343264
ID_yI0IL0DA,0.998572
ID_yITAvuFf,0.7417904
ID_yK7FrdPD,0.99920464
ID_yM2EIQeo,0.5479411
ID_yM8wu97x,0.5830637
ID_yNGnYEPY,0.9214474
ID_yNvfme7c,0.109950274
ID_yOU0B5rA,0.3831972
ID_yPoqhWlq,0.022395134
ID_yQNCB4bu,0.20855555
ID_yRE4npsj,0.57686967
ID_yTlNdzvD,0.99984753
ID_yTzwtGrH,0.85874164
ID_yVJ9h6GN,0.9999997
ID_yW7tcfdi,0.30864877
ID_yWImYSwC,0.2916548
ID_yWjzIk8G,0.84426713
ID_yZFpailJ,0.2441391
ID_yZMGdc1o,0.2562841
ID_ybooZI5q,0.74837077
ID_ycXxydJE,0.57201934
ID_ycbdEv9z,0.90163374
ID_ydxf0hVe,0.74985695
ID_yePZJIz7,0.4895251
ID_yeeQBvp5,0.013113052
ID_yewpC72U,0.5653031
ID_yfgyvUyk,0.51271325
ID_ygKuItQO,0.9465002
ID_ygUCKiPD,0.00626269
ID_ykYpTxQZ,0.99985147
ID_ylijQtow,0.86997455
ID_ynwRzGpb,0.07598832
ID_yoNpQ05h,0.051637083
ID_ypaA6qBA,0.70706326
ID_yqrCEeSQ,0.096609026
ID_ytO0Hmkm,0.22968817
ID_ytnEUrhE,0.032767624
ID_yuu3GC5N,0.0028384626
ID_yvLrHeSx,0.8444555
ID_yxslntHO,0.4255996
ID_yyCFf4Dm,0.57856834
ID_z0loPDbT,0.8289204
ID_z2drWbMk,0.8079246
ID_z3bCIvJW,0.55029315
ID_z4gH6dNA,0.37872717
ID_z5f6UIGU,0.8191011
ID_z5v6EFb2,0.40854776
ID_z6AeUSbX,0.124265105
ID_z6SV0ygK,0.5221449
ID_z7w7WcDS,0.10457322
ID_z8VgyWqY,0.3429315
ID_z9hxqCWw,0.09173569
ID_zBwxbgkO,0.19324556
ID_zC7hLO0G,0.3196794
ID_zC8pVjKX,0.26849043
ID_zChc7VVu,0.8569421
ID_zDELly30,0.10006797
ID_zDwDUb39,0.7456254
ID_zHvX97do,0.9716666
ID_zIO6u4VQ,0.99103713
ID_zJ2WWehS,0.046643555
ID_zJLplGX2,0.22135296
ID_zKTtKSx2,0.7369704
ID_zMLKqpNk,0.20718846
ID_zN03bUm5,0.22943756
ID_zNTd0fOO,0.9770336
ID_zP0mKWq9,0.80119646
ID_zPHPqQh0,0.18245879
ID_zPHsuVMX,0.8806939
ID_zRX1z9uc,0.39878353
ID_zTAeaj9L,0.8518674
ID_zU5cSpNE,0.3137764
ID_zV4kvrTF,0.9985353
ID_zVvxEn72,0.053373814
ID_zZvRfVUu,0.55746144
ID_zaIUcFQt,0.17331213
ID_zaLPVNU9,0.7802993
ID_zcjIyrWB,0.9999737
ID_zeHb76Y5,0.44967037
ID_zgMT92W5,0.86633086
ID_zhujcSDE,0.38290843
ID_ziF1MLg6,0.95460546
ID_ziNNagHr,0.49713582
ID_zibn4hnp,0.13778442
ID_zkxl9rb5,0.27274308
ID_znAqREpm,0.9994894
ID_zorhXTWN,0.9371809
ID_zorlZoH6,0.40135342
ID_zpjD7Ovc,0.053058982
ID_zq1zkDi0,0.35602862
ID_zqRU6pUr,0.85148025
ID_ztN34Yxu,0.012708753
ID_ztz4p8My,0.11964506
ID_zv5GMSdb,0.07837066
ID_zviyhoNM,0.5466442
ID_zwsuIJx9,0.06511748
ID_zxBFKP2n,0.039687485
ID_zxN7nQbW,0.9799459
ID_zyWc0ENM,0.39883754
ID_zywRGuyq,0.41024533
ID_zzJXKU0R,0.015007287
